image_path,score
degraded/1000_003.jpg,0.87835383
degraded/1000_004.jpg,0.41529897
degraded/1002_001.jpg,0.9244187
degraded/1006_001.jpg,0.8148384
degraded/1008_002.jpg,0.5967598
degraded/1012_002.jpg,0.30179355
degraded/1012_004.jpg,0.64062285
degraded/1027_001.jpg,0.11495278
degraded/1027_002.jpg,0.8605981
degraded/1033_001.jpg,0.343992
degraded/1035_001.jpg,0.78645444
degraded/1036_001.jpg,0.7680842
degraded/1038_001.jpg,0.4587002
degraded/1042_002.jpg,0.08018872
degraded/1042_003.jpg,0.7647243
degraded/1042_004.jpg,0.40614522
degraded/1045_001.jpg,0.88841915
degraded/1054_001.jpg,0.90019727
degraded/1054_003.jpg,0.17687328
degraded/105_002.jpg,0.66920257
degraded/1069_004.jpg,0.69944894
degraded/1075_003.jpg,0.8193782
degraded/1078_001.jpg,0.47356886
degraded/1079_001.jpg,0.12116534
degraded/1081_001.jpg,0.26245663
degraded/1083_001.jpg,0.8449757
degraded/1084_001.jpg,0.8454669
degraded/1085_002.jpg,0.6856803
degraded/1086_003.jpg,0.68459356
degraded/1088_001.jpg,0.29443294
degraded/1089_001.jpg,0.45444953
degraded/1113_001.jpg,0.4881303
degraded/1119_001.jpg,0.5857012
degraded/1120_001.jpg,0.69767725
degraded/1121_002.jpg,0.63153464
degraded/1125_001.jpg,0.6128302
degraded/1126_001.jpg,0.6802786
degraded/1127_001.jpg,0.8156441
degraded/1127_002.jpg,0.06330544
degraded/1143_002.jpg,0.8887301
degraded/1145_003.jpg,0.79987717
degraded/1147_001.jpg,0.6723056
degraded/1147_002.jpg,0.8524351
degraded/1149_002.jpg,0.7789396
degraded/1149_004.jpg,0.66892964
degraded/1156_002.jpg,0.7758974
degraded/1161_001.jpg,0.6679671
degraded/1166_002.jpg,0.20358895
degraded/120_003.jpg,0.72071135
degraded/125_002.jpg,0.08722472
degraded/127_004.jpg,0.7771552
degraded/130_004.jpg,0.7623937
degraded/131_003.jpg,0.6888411
degraded/132_001.jpg,0.14122239
degraded/132_003.jpg,0.66700625
degraded/135_001.jpg,0.33338356
degraded/137_002.jpg,0.59656215
degraded/149_002.jpg,0.69726944
degraded/150_004.jpg,0.5439242
degraded/150_007.jpg,0.9436232
degraded/150_009.jpg,0.10820016
degraded/152_002.jpg,0.5324446
degraded/152_003.jpg,0.40752238
degraded/152_005.jpg,0.3847514
degraded/153_003.jpg,0.80126303
degraded/153_005.jpg,0.8233056
degraded/156_001.jpg,0.18131487
degraded/161_001.jpg,0.71246916
degraded/165_007.jpg,0.6984381
degraded/166_002.jpg,0.75735795
degraded/172_003.jpg,0.27571997
degraded/180_006.jpg,0.84897375
degraded/180_011.jpg,0.24797404
degraded/181_003.jpg,0.8292831
degraded/182_001.jpg,0.84299326
degraded/184_005.jpg,0.79252285
degraded/186_003.jpg,0.81804574
degraded/188_002.jpg,0.68014574
degraded/189_002.jpg,0.17919722
degraded/190_001.jpg,0.19023412
degraded/191_001.jpg,0.4804545
degraded/199_002.jpg,0.33982235
degraded/200_005.jpg,0.7091553
degraded/202_004.jpg,0.66636705
degraded/204_005.jpg,0.5199243
degraded/211_004.jpg,0.45038435
degraded/213_004.jpg,0.78118885
degraded/216_002.jpg,0.57109356
degraded/218_002.jpg,0.89183426
degraded/226_001.jpg,0.74003303
degraded/227_003.jpg,0.49394006
degraded/233_001.jpg,0.8124504
degraded/247_001.jpg,0.5301728
degraded/249_002.jpg,0.7103579
degraded/250_001.jpg,0.4279102
degraded/259_001.jpg,0.26577818
degraded/265_001.jpg,0.844426
degraded/266_001.jpg,0.69323367
degraded/267_001.jpg,0.80194217
degraded/272_001.jpg,0.6444975
degraded/280_004.jpg,0.8541842
degraded/283_004.jpg,0.8035304
degraded/28_002.jpg,0.7165436
degraded/290_005.jpg,0.24785285
degraded/293_001.jpg,0.8660781
degraded/295_004.jpg,0.65602815
degraded/296_002.jpg,0.8854738
degraded/297_001.jpg,0.5817719
degraded/298_001.jpg,0.6613031
degraded/302_005.jpg,0.87210286
degraded/304_001.jpg,0.8806413
degraded/305_001.jpg,0.8752463
degraded/306_003.jpg,0.49877086
degraded/308_001.jpg,0.7105193
degraded/309_002.jpg,0.82066387
degraded/313_003.jpg,0.25578958
degraded/313_008.jpg,0.8141908
degraded/314_002.jpg,0.8007919
degraded/316_001.jpg,0.62870395
degraded/316_002.jpg,0.69526553
degraded/31_001.jpg,0.7957447
degraded/329_003.jpg,0.85461235
degraded/32_002.jpg,0.16697791
degraded/331_003.jpg,0.81791097
degraded/334_002.jpg,0.7130174
degraded/335_002.jpg,0.8002669
degraded/335_003.jpg,0.6507765
degraded/342_001.jpg,0.62478936
degraded/342_002.jpg,0.64186954
degraded/343_005.jpg,0.9020977
degraded/349_002.jpg,0.70420486
degraded/356_005.jpg,0.76840675
degraded/356_006.jpg,0.616377
degraded/360_006.jpg,0.85655993
degraded/360_007.jpg,0.6268723
degraded/361_001.jpg,0.7168447
degraded/361_002.jpg,0.0895674
degraded/362_001.jpg,0.20313914
degraded/364_002.jpg,0.82686263
degraded/367_002.jpg,0.6204353
degraded/368_001.jpg,0.8754624
degraded/369_010.jpg,0.5785351
degraded/372_001.jpg,0.5384866
degraded/373_004.jpg,0.8393806
degraded/375_001.jpg,0.9055394
degraded/378_001.jpg,0.7823779
degraded/379_002.jpg,0.84306455
degraded/386_001.jpg,0.71392536
degraded/389_001.jpg,0.24145807
degraded/390_007.jpg,0.6348353
degraded/390_010.jpg,0.63293946
degraded/392_001.jpg,0.32415575
degraded/393_004.jpg,0.5678716
degraded/394_005.jpg,0.83371574
degraded/39_001.jpg,0.7091174
degraded/400_001.jpg,0.58415055
degraded/403_002.jpg,0.2511916
degraded/405_002.jpg,0.93666947
degraded/406_004.jpg,0.70139873
degraded/407_001.jpg,0.89453363
degraded/415_003.jpg,0.8690593
degraded/416_001.jpg,0.16174567
degraded/420_002.jpg,0.6195968
degraded/421_002.jpg,0.28206998
degraded/421_004.jpg,0.8358399
degraded/424_002.jpg,0.8223121
degraded/426_005.jpg,0.9177107
degraded/441_002.jpg,0.112508625
degraded/442_002.jpg,0.89110786
degraded/442_003.jpg,0.8477778
degraded/446_001.jpg,0.12714301
degraded/451_001.jpg,0.85623175
degraded/456_001.jpg,0.08699224
degraded/457_006.jpg,0.6481559
degraded/457_008.jpg,0.78221065
degraded/459_007.jpg,0.91180336
degraded/465_001.jpg,0.86988103
degraded/466_001.jpg,0.6744073
degraded/467_002.jpg,0.77078867
degraded/469_002.jpg,0.8349407
degraded/470_001.jpg,0.8093785
degraded/471_003.jpg,0.8718042
degraded/472_003.jpg,0.58881617
degraded/472_004.jpg,0.68289495
degraded/473_003.jpg,0.65559655
degraded/475_007.jpg,0.7962687
degraded/476_001.jpg,0.81454575
degraded/476_002.jpg,0.508115
degraded/483_003.jpg,0.5109463
degraded/484_002.jpg,0.4628851
degraded/486_001.jpg,0.59354997
degraded/489_001.jpg,0.6815306
degraded/495_002.jpg,0.54914665
degraded/498_002.jpg,0.20637748
degraded/49_002.jpg,0.7866948
degraded/500_005.jpg,0.81030786
degraded/503_002.jpg,0.73586935
degraded/505_001.jpg,0.49860886
degraded/507_002.jpg,0.6538535
degraded/511_001.jpg,0.7596539
degraded/51_001.jpg,0.75983864
degraded/521_002.jpg,0.7746155
degraded/522_002.jpg,0.49067777
degraded/525_004.jpg,0.78790206
degraded/527_002.jpg,0.27566913
degraded/527_005.jpg,0.72942805
degraded/529_002.jpg,0.89210874
degraded/53_001.jpg,0.4770634
degraded/544_001.jpg,0.39055088
degraded/545_001.jpg,0.69578236
degraded/546_005.jpg,0.7972609
degraded/548_002.jpg,0.46137968
degraded/54_004.jpg,0.6855949
degraded/551_001.jpg,0.13921441
degraded/555_001.jpg,0.6453503
degraded/559_007.jpg,0.76645976
degraded/559_009.jpg,0.5557412
degraded/560_001.jpg,0.53568715
degraded/565_003.jpg,0.17834911
degraded/568_001.jpg,0.65958357
degraded/56_001.jpg,0.35486138
degraded/577_001.jpg,0.7863898
degraded/581_003.jpg,0.7440186
degraded/582_002.jpg,0.7810137
degraded/583_001.jpg,0.764706
degraded/584_001.jpg,0.62916625
degraded/585_003.jpg,0.8079164
degraded/585_005.jpg,0.57994837
degraded/587_001.jpg,0.41725162
degraded/601_003.jpg,0.7286356
degraded/602_003.jpg,0.15657698
degraded/605_002.jpg,0.7125186
degraded/608_002.jpg,0.88608354
degraded/609_001.jpg,0.73945045
degraded/612_001.jpg,0.88481516
degraded/612_004.jpg,0.17672926
degraded/616_001.jpg,0.5572145
degraded/619_002.jpg,0.72527474
degraded/620_001.jpg,0.6876848
degraded/625_001.jpg,0.15764083
degraded/629_003.jpg,0.7015682
degraded/631_003.jpg,0.87779206
degraded/63_001.jpg,0.5357446
degraded/63_002.jpg,0.7453501
degraded/646_001.jpg,0.22136626
degraded/647_001.jpg,0.4797433
degraded/648_001.jpg,0.7955218
degraded/64_003.jpg,0.1690426
degraded/651_003.jpg,0.3473001
degraded/659_004.jpg,0.73072
degraded/671_002.jpg,0.7948396
degraded/675_001.jpg,0.634843
degraded/675_003.jpg,0.8533704
degraded/680_003.jpg,0.8705487
degraded/681_002.jpg,0.26879317
degraded/682_001.jpg,0.24354163
degraded/682_004.jpg,0.8866018
degraded/684_001.jpg,0.6297822
degraded/684_005.jpg,0.8035103
degraded/685_002.jpg,0.85190505
degraded/685_003.jpg,0.86623126
degraded/686_001.jpg,0.7349429
degraded/687_001.jpg,0.83069324
degraded/692_001.jpg,0.71178746
degraded/697_003.jpg,0.85665107
degraded/698_002.jpg,0.1953349
degraded/700_001.jpg,0.660465
degraded/702_001.jpg,0.42393124
degraded/703_001.jpg,0.37555292
degraded/703_004.jpg,0.6510726
degraded/710_011.jpg,0.75478446
degraded/711_001.jpg,0.5937256
degraded/713_001.jpg,0.51844025
degraded/71_004.jpg,0.7932559
degraded/71_005.jpg,0.84911567
degraded/720_001.jpg,0.79827243
degraded/722_001.jpg,0.66667306
degraded/724_001.jpg,0.5952382
degraded/726_004.jpg,0.5889348
degraded/727_004.jpg,0.8157591
degraded/728_001.jpg,0.7757523
degraded/728_002.jpg,0.7268981
degraded/729_001.jpg,0.71622896
degraded/72_003.jpg,0.7312875
degraded/735_003.jpg,0.26998892
degraded/735_004.jpg,0.25376275
degraded/736_001.jpg,0.6789045
degraded/738_002.jpg,0.5548403
degraded/738_003.jpg,0.68187845
degraded/740_001.jpg,0.6320294
degraded/742_002.jpg,0.7858683
degraded/743_001.jpg,0.69098496
degraded/743_002.jpg,0.2845152
degraded/746_001.jpg,0.3438611
degraded/747_002.jpg,0.85821617
degraded/748_001.jpg,0.48005828
degraded/751_002.jpg,0.6724702
degraded/754_001.jpg,0.6846824
degraded/757_003.jpg,0.902051
degraded/759_008.jpg,0.6239778
degraded/760_004.jpg,0.88186866
degraded/761_001.jpg,0.8068591
degraded/766_003.jpg,0.5536078
degraded/768_003.jpg,0.123197734
degraded/772_002.jpg,0.6549895
degraded/773_001.jpg,0.7925911
degraded/775_004.jpg,0.8025564
degraded/77_001.jpg,0.37350905
degraded/77_002.jpg,0.8376665
degraded/781_001.jpg,0.8833641
degraded/781_003.jpg,0.71296066
degraded/785_004.jpg,0.5282942
degraded/785_005.jpg,0.5901673
degraded/787_008.jpg,0.894633
degraded/792_003.jpg,0.8863065
degraded/795_001.jpg,0.89504063
degraded/797_001.jpg,0.49796757
degraded/800_005.jpg,0.22641814
degraded/805_001.jpg,0.69300306
degraded/809_001.jpg,0.80552036
degraded/810_001.jpg,0.4513538
degraded/811_003.jpg,0.78651446
degraded/812_003.jpg,0.6099799
degraded/815_002.jpg,0.90041876
degraded/817_003.jpg,0.8890865
degraded/820_001.jpg,0.6870311
degraded/821_002.jpg,0.5140004
degraded/822_001.jpg,0.12355921
degraded/830_001.jpg,0.7788945
degraded/831_001.jpg,0.69762844
degraded/831_002.jpg,0.14110509
degraded/837_001.jpg,0.34419867
degraded/839_002.jpg,0.9173969
degraded/839_004.jpg,0.5688952
degraded/843_002.jpg,0.9380737
degraded/851_002.jpg,0.8029996
degraded/853_001.jpg,0.7453959
degraded/855_003.jpg,0.90874976
degraded/856_003.jpg,0.728246
degraded/856_005.jpg,0.61617476
degraded/857_001.jpg,0.74961925
degraded/857_002.jpg,0.843076
degraded/85_004.jpg,0.80018604
degraded/85_005.jpg,0.7572539
degraded/865_002.jpg,0.69519174
degraded/86_001.jpg,0.6544969
degraded/871_001.jpg,0.47515655
degraded/871_002.jpg,0.7722383
degraded/876_003.jpg,0.79670316
degraded/878_002.jpg,0.84453547
degraded/901_002.jpg,0.35973608
degraded/905_001.jpg,0.88420784
degraded/907_004.jpg,0.8117271
degraded/908_004.jpg,0.9146169
degraded/908_008.jpg,0.8425751
degraded/908_010.jpg,0.7394899
degraded/909_008.jpg,0.84035677
degraded/909_010.jpg,0.9204643
degraded/910_001.jpg,0.13004352
degraded/910_008.jpg,0.7800312
degraded/913_004.jpg,0.82271665
degraded/913_007.jpg,0.7121086
degraded/914_001.jpg,0.166396
degraded/919_001.jpg,0.91452825
degraded/91_001.jpg,0.70542276
degraded/920_002.jpg,0.7842259
degraded/928_002.jpg,0.6591407
degraded/92_001.jpg,0.510443
degraded/92_002.jpg,0.23206545
degraded/931_005.jpg,0.13669325
degraded/931_008.jpg,0.6539927
degraded/934_001.jpg,0.19439791
degraded/937_003.jpg,0.57999253
degraded/958_001.jpg,0.22589211
degraded/961_003.jpg,0.77417797
degraded/967_001.jpg,0.77586687
degraded/96_004.jpg,0.8892529
degraded/971_003.jpg,0.9133498
degraded/974_001.jpg,0.7899235
degraded/976_001.jpg,0.17067254
degraded/978_003.jpg,0.9000253
degraded/980_001.jpg,0.7369927
degraded/983_003.jpg,0.5368339
degraded/987_003.jpg,0.7564854
degraded/993_001.jpg,0.14149511
degraded/995_003.jpg,0.6860442
degraded/999_003.jpg,0.6673994
degraded/99_001.jpg,0.612708
degraded/99_002.jpg,0.59837973
degraded/back.png,0.5313183
degraded/china.jpg,0.3685441
degraded/console.png,0.45835677
degraded/dots.png,0.7933064
degraded/filesave.png,0.3129406
degraded/filesave_large.png,0.2794281
degraded/flower.jpg,0.2548748
degraded/forward_large.png,0.5774672
degraded/grace_hopper.jpg,0.3112406
degraded/hand.png,0.4694524
degraded/help.png,0.5283023
degraded/help_large.png,0.8448931
degraded/home.png,0.39210695
degraded/home_large.png,0.46006268
degraded/less.png,0.6629227
degraded/logo2.png,0.57595366
degraded/matplotlib.png,0.7128074
degraded/matplotlib_large.png,0.6845304
degraded/Minduka_Present_Blue_Pack.png,0.3686605
degraded/more.png,0.48741254
degraded/move.png,0.46139768
degraded/move_large.png,0.55503607
degraded/PAT_1000_31_620.png,0.90360904
degraded/PAT_1006_53_385.png,0.10820391
degraded/PAT_1006_53_716.png,0.3310969
degraded/PAT_1008_59_297.png,0.5924015
degraded/PAT_100_393_898.png,0.67768496
degraded/PAT_1013_82_876.png,0.8612724
degraded/PAT_1014_85_22.png,0.10776282
degraded/PAT_1017_97_577.png,0.16096658
degraded/PAT_1018_107_68.png,0.8066523
degraded/PAT_1019_110_194.png,0.9293783
degraded/PAT_101_1041_658.png,0.7163807
degraded/PAT_101_1041_898.png,0.89318734
degraded/PAT_1020_111_593.png,0.7887082
degraded/PAT_1022_114_756.png,0.6475017
degraded/PAT_1022_115_132.png,0.6127914
degraded/PAT_1026_124_346.png,0.5266373
degraded/PAT_1029_135_983.png,0.5711882
degraded/PAT_1031_148_29.png,0.4049978
degraded/PAT_1031_148_292.png,0.52358174
degraded/PAT_1033_153_301.png,0.17664549
degraded/PAT_1034_160_819.png,0.25540808
degraded/PAT_1034_161_203.png,0.79445386
degraded/PAT_1036_169_687.png,0.36484474
degraded/PAT_1042_187_746.png,0.25782228
degraded/PAT_1046_203_511.png,0.5383824
degraded/PAT_104_1754_276.png,0.71998227
degraded/PAT_104_1755_320.png,0.7127671
degraded/PAT_1051_220_356.png,0.8763166
degraded/PAT_1057_242_297.png,0.77323896
degraded/PAT_1063_268_704.png,0.67659885
degraded/PAT_1063_268_919.png,0.78966594
degraded/PAT_1063_269_755.png,0.13396522
degraded/PAT_1063_271_448.png,0.586725
degraded/PAT_1064_273_980.png,0.522963
degraded/PAT_1065_275_136.png,0.6819992
degraded/PAT_1065_276_231.png,0.4643006
degraded/PAT_1065_277_768.png,0.6716385
degraded/PAT_1065_278_954.png,0.6277306
degraded/PAT_1066_281_698.png,0.5760663
degraded/PAT_1066_281_99.png,0.22845855
degraded/PAT_106_158_249.png,0.6866298
degraded/PAT_106_158_270.png,0.15018842
degraded/PAT_106_159_325.png,0.80290717
degraded/PAT_1070_308_751.png,0.7172053
degraded/PAT_1071_312_841.png,0.20375322
degraded/PAT_1071_314_500.png,0.57839644
degraded/PAT_1072_318_856.png,0.62777543
degraded/PAT_1074_322_174.png,0.70291805
degraded/PAT_1074_322_662.png,0.7318134
degraded/PAT_1074_322_864.png,0.58822405
degraded/PAT_1075_324_177.png,0.37810996
degraded/PAT_107_160_609.png,0.65320516
degraded/PAT_1082_342_705.png,0.4164365
degraded/PAT_1088_373_781.png,0.59375465
degraded/PAT_1089_375_60.png,0.6712154
degraded/PAT_1089_375_677.png,0.58064127
degraded/PAT_108_161_423.png,0.3329632
degraded/PAT_108_161_575.png,0.62082666
degraded/PAT_108_161_878.png,0.7482678
degraded/PAT_108_162_526.png,0.065359
degraded/PAT_108_424_944.png,0.7546848
degraded/PAT_1093_379_273.png,0.64258313
degraded/PAT_1094_381_355.png,0.38510802
degraded/PAT_1094_381_446.png,0.28865293
degraded/PAT_1094_381_85.png,0.5487151
degraded/PAT_109_868_113.png,0.6657045
degraded/PAT_10_18_830.png,0.7535837
degraded/PAT_1100_402_375.png,0.7125816
degraded/PAT_1102_408_613.png,0.7053381
degraded/PAT_1107_427_352.png,0.5236065
degraded/PAT_1109_436_141.png,0.7984024
degraded/PAT_1109_437_254.png,0.4999905
degraded/PAT_110_165_583.png,0.660548
degraded/PAT_110_397_52.png,0.10097383
degraded/PAT_1113_458_387.png,0.5755098
degraded/PAT_1118_470_710.png,0.67180324
degraded/PAT_1119_472_513.png,0.570928
degraded/PAT_1122_479_664.png,0.21953955
degraded/PAT_1124_489_151.png,0.72777265
degraded/PAT_1125_492_523.png,0.4070868
degraded/PAT_1127_496_945.png,0.51312506
degraded/PAT_1128_497_29.png,0.42825112
degraded/PAT_1128_497_322.png,0.41986233
degraded/PAT_1129_498_930.png,0.77407527
degraded/PAT_112_168_360.png,0.73293555
degraded/PAT_112_171_863.png,0.6012239
degraded/PAT_1130_501_181.png,0.22296757
degraded/PAT_1133_510_956.png,0.41013625
degraded/PAT_1138_520_154.png,0.7057179
degraded/PAT_1139_523_682.png,0.32638824
degraded/PAT_113_172_610.png,0.26700833
degraded/PAT_1141_526_416.png,0.5751896
degraded/PAT_1145_534_524.png,0.22293968
degraded/PAT_1145_534_529.png,0.59589446
degraded/PAT_1148_542_708.png,0.123988345
degraded/PAT_114_173_213.png,0.48740804
degraded/PAT_1151_551_241.png,0.20410483
degraded/PAT_1153_555_98.png,0.5222226
degraded/PAT_1158_570_376.png,0.7052766
degraded/PAT_115_1138_870.png,0.5822073
degraded/PAT_115_1138_970.png,0.35128865
degraded/PAT_115_175_206.png,0.17508413
degraded/PAT_115_175_283.png,0.5033715
degraded/PAT_115_176_455.png,0.59348154
degraded/PAT_115_177_575.png,0.41025385
degraded/PAT_1170_608_367.png,0.68213105
degraded/PAT_1170_609_378.png,0.16869156
degraded/PAT_1171_615_468.png,0.5781681
degraded/PAT_1172_622_420.png,0.7646525
degraded/PAT_1174_628_915.png,0.15532482
degraded/PAT_1176_631_36.png,0.7539574
degraded/PAT_1177_633_705.png,0.33128417
degraded/PAT_1179_641_735.png,0.52576375
degraded/PAT_1181_659_231.png,0.31856957
degraded/PAT_1184_676_303.png,0.80858344
degraded/PAT_1184_676_904.png,0.76622427
degraded/PAT_1185_679_115.png,0.6171639
degraded/PAT_1186_680_578.png,0.34319726
degraded/PAT_1186_681_457.png,0.502889
degraded/PAT_118_180_386.png,0.6435981
degraded/PAT_118_180_500.png,0.72735465
degraded/PAT_1190_700_663.png,0.3174173
degraded/PAT_1197_713_520.png,0.4948736
degraded/PAT_1198_715_648.png,0.63761413
degraded/PAT_1203_724_762.png,0.3562246
degraded/PAT_1208_736_599.png,0.52500653
degraded/PAT_1210_738_915.png,0.19891946
degraded/PAT_1215_752_707.png,0.2125669
degraded/PAT_1216_759_365.png,0.43863875
degraded/PAT_1216_760_593.png,0.4963899
degraded/PAT_1217_762_198.png,0.3656969
degraded/PAT_1219_764_111.png,0.10733324
degraded/PAT_1223_770_120.png,0.39851254
degraded/PAT_1229_794_274.png,0.47377142
degraded/PAT_123_187_164.png,0.37865785
degraded/PAT_1241_824_82.png,0.14640619
degraded/PAT_1242_826_903.png,0.8704669
degraded/PAT_1243_836_47.png,0.607775
degraded/PAT_1243_837_806.png,0.4231817
degraded/PAT_1244_840_975.png,0.11872772
degraded/PAT_1245_844_471.png,0.72001076
degraded/PAT_1245_845_32.png,0.91953486
degraded/PAT_1246_846_111.png,0.2048038
degraded/PAT_1246_846_899.png,0.39051375
degraded/PAT_1247_852_178.png,0.7333549
degraded/PAT_1249_861_810.png,0.3437343
degraded/PAT_1249_862_658.png,0.596567
degraded/PAT_1255_876_939.png,0.09831767
degraded/PAT_1256_879_199.png,0.8999697
degraded/PAT_1257_887_828.png,0.79780483
degraded/PAT_1259_892_793.png,0.6211128
degraded/PAT_1261_896_349.png,0.53844655
degraded/PAT_1264_907_674.png,0.9245705
degraded/PAT_1265_908_754.png,0.8695467
degraded/PAT_1267_912_371.png,0.74354255
degraded/PAT_1269_936_965.png,0.1524048
degraded/PAT_126_190_376.png,0.5056665
degraded/PAT_126_191_304.png,0.54366225
degraded/PAT_126_192_208.png,0.93102515
degraded/PAT_1273_952_89.png,0.8649566
degraded/PAT_1273_953_510.png,0.69555175
degraded/PAT_1274_954_677.png,0.19173886
degraded/PAT_1277_964_152.png,0.7182467
degraded/PAT_1277_964_77.png,0.39375725
degraded/PAT_1278_965_701.png,0.6547017
degraded/PAT_1278_966_295.png,0.6736077
degraded/PAT_1278_967_599.png,0.8043138
degraded/PAT_1280_972_605.png,0.5792055
degraded/PAT_1280_972_727.png,0.58551896
degraded/PAT_1284_995_150.png,0.6318961
degraded/PAT_1286_1000_276.png,0.81799036
degraded/PAT_1286_1000_517.png,0.2433883
degraded/PAT_1286_999_846.png,0.12133105
degraded/PAT_1288_1003_969.png,0.7270053
degraded/PAT_128_194_144.png,0.59156024
degraded/PAT_1294_1031_466.png,0.7340554
degraded/PAT_1296_1038_1.png,0.53761363
degraded/PAT_1298_1050_519.png,0.6275101
degraded/PAT_1298_1051_831.png,0.34100464
degraded/PAT_1300_1056_532.png,0.26713037
degraded/PAT_1301_1063_739.png,0.3402824
degraded/PAT_1303_1077_501.png,0.4582262
degraded/PAT_1304_1079_859.png,0.9056979
degraded/PAT_1304_1081_84.png,0.43953148
degraded/PAT_1304_3507_308.png,0.5166765
degraded/PAT_1305_1082_88.png,0.5181682
degraded/PAT_1306_1086_124.png,0.5602269
degraded/PAT_1306_1086_762.png,0.631753
degraded/PAT_1307_1088_252.png,0.5557301
degraded/PAT_1307_1092_878.png,0.38327652
degraded/PAT_1308_1095_117.png,0.8192189
degraded/PAT_1309_1096_393.png,0.8368338
degraded/PAT_1310_1097_774.png,0.5508127
degraded/PAT_1312_1102_578.png,0.9106927
degraded/PAT_1313_1105_284.png,0.88189167
degraded/PAT_1314_1108_442.png,0.68911386
degraded/PAT_1315_1110_317.png,0.1653865
degraded/PAT_1316_1114_517.png,0.70038027
degraded/PAT_1317_1130_656.png,0.4694486
degraded/PAT_131_197_260.png,0.47847092
degraded/PAT_131_197_974.png,0.07095682
degraded/PAT_1326_1156_139.png,0.1101047
degraded/PAT_1326_1156_163.png,0.39223206
degraded/PAT_1326_1156_783.png,0.75055426
degraded/PAT_1329_1167_230.png,0.46132106
degraded/PAT_1329_1168_620.png,0.42212877
degraded/PAT_132_198_114.png,0.7282115
degraded/PAT_1330_1172_722.png,0.14626634
degraded/PAT_1331_1173_380.png,0.6865054
degraded/PAT_1332_1174_839.png,0.9536702
degraded/PAT_1333_1177_261.png,0.7618459
degraded/PAT_1333_1177_434.png,0.44093975
degraded/PAT_1334_1178_413.png,0.81460965
degraded/PAT_1335_1181_21.png,0.57397616
degraded/PAT_1340_1207_304.png,0.12471387
degraded/PAT_1341_1212_539.png,0.732689
degraded/PAT_1343_1217_404.png,0.11260986
degraded/PAT_1344_1222_456.png,0.3262389
degraded/PAT_1345_1223_175.png,0.74752986
degraded/PAT_1347_1226_928.png,0.30667517
degraded/PAT_1349_1229_828.png,0.10826287
degraded/PAT_134_201_587.png,0.57559186
degraded/PAT_1350_1230_878.png,0.796931
degraded/PAT_1350_1230_925.png,0.5715714
degraded/PAT_1351_1231_203.png,0.7137546
degraded/PAT_135_202_105.png,0.15094854
degraded/PAT_135_202_593.png,0.7134223
degraded/PAT_135_202_695.png,0.36698318
degraded/PAT_1364_1246_143.png,0.70212793
degraded/PAT_1364_1246_238.png,0.6893661
degraded/PAT_1364_1246_420.png,0.18000126
degraded/PAT_1364_1246_447.png,0.7546251
degraded/PAT_1364_1246_583.png,0.107238546
degraded/PAT_1364_1246_927.png,0.63105553
degraded/PAT_1365_1253_912.png,0.80840445
degraded/PAT_1367_1264_801.png,0.32106113
degraded/PAT_1369_1269_370.png,0.9412699
degraded/PAT_1369_1270_496.png,0.85274875
degraded/PAT_136_203_436.png,0.22192064
degraded/PAT_1370_1273_41.png,0.71282405
degraded/PAT_1370_1274_515.png,0.5910895
degraded/PAT_1371_1276_145.png,0.32785589
degraded/PAT_1371_1278_533.png,0.55950606
degraded/PAT_1374_1285_735.png,0.6674495
degraded/PAT_1374_1286_494.png,0.5068339
degraded/PAT_1374_1286_775.png,0.29403916
degraded/PAT_1374_1286_939.png,0.6686824
degraded/PAT_1376_1297_686.png,0.25777692
degraded/PAT_1379_1300_924.png,0.15050068
degraded/PAT_1379_4145_486.png,0.5555746
degraded/PAT_1381_1314_517.png,0.18045296
degraded/PAT_1388_3513_146.png,0.24559788
degraded/PAT_138_205_296.png,0.82358015
degraded/PAT_138_206_507.png,0.7959769
degraded/PAT_1390_1346_709.png,0.08237717
degraded/PAT_1391_1351_396.png,0.59528154
degraded/PAT_1392_1352_778.png,0.43696707
degraded/PAT_1392_1352_828.png,0.5552032
degraded/PAT_1393_1354_535.png,0.88293076
degraded/PAT_1396_1360_4.png,0.49667823
degraded/PAT_1397_1361_183.png,0.82108355
degraded/PAT_1399_1367_121.png,0.28266397
degraded/PAT_139_207_342.png,0.7291471
degraded/PAT_13_21_350.png,0.6880508
degraded/PAT_1400_1372_276.png,0.56257355
degraded/PAT_1401_1373_881.png,0.66678727
degraded/PAT_1401_1374_593.png,0.13564332
degraded/PAT_1402_1376_160.png,0.61674
degraded/PAT_1402_1376_507.png,0.21098365
degraded/PAT_1402_1377_799.png,0.8564104
degraded/PAT_1402_1377_959.png,0.6566802
degraded/PAT_1403_1392_407.png,0.08463138
degraded/PAT_1403_1392_848.png,0.9342157
degraded/PAT_1405_1395_96.png,0.4039151
degraded/PAT_1406_1396_511.png,0.7822899
degraded/PAT_1407_1402_347.png,0.60797787
degraded/PAT_1407_1402_562.png,0.07357415
degraded/PAT_1407_1402_734.png,0.9033939
degraded/PAT_1408_1404_929.png,0.61521196
degraded/PAT_1410_1410_46.png,0.31481206
degraded/PAT_1411_1415_723.png,0.59571695
degraded/PAT_1414_1426_124.png,0.5245779
degraded/PAT_1414_1429_53.png,0.77999324
degraded/PAT_1414_1429_59.png,0.8578186
degraded/PAT_1414_1431_754.png,0.74185336
degraded/PAT_1414_1432_969.png,0.6152193
degraded/PAT_1414_1433_570.png,0.687217
degraded/PAT_1414_1433_806.png,0.89552224
degraded/PAT_1415_1437_527.png,0.65212524
degraded/PAT_1415_1437_743.png,0.61879236
degraded/PAT_1415_1439_295.png,0.53692925
degraded/PAT_1415_1440_629.png,0.7728841
degraded/PAT_1418_1447_334.png,0.70994985
degraded/PAT_1418_1447_360.png,0.55835474
degraded/PAT_1418_1448_307.png,0.25185964
degraded/PAT_1418_1449_580.png,0.82276994
degraded/PAT_1418_1452_948.png,0.4681475
degraded/PAT_141_209_438.png,0.6944839
degraded/PAT_1420_1460_733.png,0.50727034
degraded/PAT_1420_1460_951.png,0.56150043
degraded/PAT_1420_1461_93.png,0.37395546
degraded/PAT_1421_1464_297.png,0.10064187
degraded/PAT_1423_1472_18.png,0.7263744
degraded/PAT_1427_1485_119.png,0.21780656
degraded/PAT_1428_1489_38.png,0.4379793
degraded/PAT_1428_1489_454.png,0.75644034
degraded/PAT_142_210_904.png,0.34230357
degraded/PAT_1431_1495_931.png,0.208796
degraded/PAT_1432_1497_328.png,0.5162914
degraded/PAT_1433_1499_29.png,0.53941715
degraded/PAT_1439_1521_868.png,0.8963393
degraded/PAT_1439_1522_320.png,0.07561492
degraded/PAT_143_213_489.png,0.80204064
degraded/PAT_1441_1531_670.png,0.914875
degraded/PAT_1443_1536_166.png,0.7972602
degraded/PAT_1450_1556_114.png,0.5688655
degraded/PAT_1451_1560_616.png,0.42853814
degraded/PAT_1451_1561_100.png,0.6815798
degraded/PAT_1451_1562_545.png,0.624733
degraded/PAT_1452_1564_377.png,0.7178475
degraded/PAT_1452_1564_509.png,0.42033258
degraded/PAT_1453_1565_529.png,0.59588814
degraded/PAT_1453_1566_310.png,0.24337983
degraded/PAT_1455_1585_690.png,0.35624248
degraded/PAT_145_216_110.png,0.4589432
degraded/PAT_145_216_158.png,0.81096166
degraded/PAT_145_216_924.png,0.55701214
degraded/PAT_1460_1598_708.png,0.6134686
degraded/PAT_1460_1598_746.png,0.8523832
degraded/PAT_1461_1600_867.png,0.73178804
degraded/PAT_1464_1612_284.png,0.78244984
degraded/PAT_1468_1622_219.png,0.18524638
degraded/PAT_1468_3656_337.png,0.17140739
degraded/PAT_1469_1627_109.png,0.8726253
degraded/PAT_146_217_187.png,0.50489473
degraded/PAT_1472_1639_87.png,0.7979816
degraded/PAT_1476_1657_788.png,0.14966154
degraded/PAT_1477_1660_226.png,0.5546808
degraded/PAT_147_219_206.png,0.12242676
degraded/PAT_1480_1673_701.png,0.48343116
degraded/PAT_1481_1674_735.png,0.63982207
degraded/PAT_1481_1675_371.png,0.4742316
degraded/PAT_1483_1678_850.png,0.50797516
degraded/PAT_1484_1682_240.png,0.8833692
degraded/PAT_1486_1684_182.png,0.74291277
degraded/PAT_148_220_174.png,0.11238068
degraded/PAT_1491_1703_637.png,0.7532783
degraded/PAT_1492_1705_578.png,0.8519703
degraded/PAT_1492_1705_728.png,0.36823443
degraded/PAT_1495_1708_278.png,0.27064413
degraded/PAT_1497_1712_633.png,0.45662865
degraded/PAT_1498_1715_345.png,0.0830859
degraded/PAT_1498_1716_626.png,0.6803436
degraded/PAT_14_22_850.png,0.9529429
degraded/PAT_1503_1728_65.png,0.5977917
degraded/PAT_1505_1733_128.png,0.16342296
degraded/PAT_1506_1735_733.png,0.7101712
degraded/PAT_1509_1741_810.png,0.5364477
degraded/PAT_1509_1742_422.png,0.74116766
degraded/PAT_150_1799_644.png,0.9567869
degraded/PAT_1513_1747_851.png,0.6800355
degraded/PAT_1516_1765_530.png,0.755743
degraded/PAT_151_227_63.png,0.30723014
degraded/PAT_1526_1792_482.png,0.82050765
degraded/PAT_1527_1794_662.png,0.9376584
degraded/PAT_1528_1795_12.png,0.08114704
degraded/PAT_1529_1798_206.png,0.8939578
degraded/PAT_152_230_707.png,0.91729903
degraded/PAT_152_230_934.png,0.8015083
degraded/PAT_1531_1800_683.png,0.2863108
degraded/PAT_1534_1809_366.png,0.71246445
degraded/PAT_1535_1812_660.png,0.57021236
degraded/PAT_1536_1819_562.png,0.5043732
degraded/PAT_1536_1819_91.png,0.235565
degraded/PAT_153_1200_541.png,0.772606
degraded/PAT_1543_4346_860.png,0.67060065
degraded/PAT_1545_1865_519.png,0.9442848
degraded/PAT_1545_1867_547.png,0.5183656
degraded/PAT_1546_1871_376.png,0.5991353
degraded/PAT_1546_1872_824.png,0.8747982
degraded/PAT_1547_1874_432.png,0.40937108
degraded/PAT_1547_1875_436.png,0.057523683
degraded/PAT_1547_1876_839.png,0.64423245
degraded/PAT_1547_4231_928.png,0.45332563
degraded/PAT_1547_4232_115.png,0.034962215
degraded/PAT_1549_1882_230.png,0.5858218
degraded/PAT_154_235_162.png,0.70099294
degraded/PAT_154_235_30.png,0.041452657
degraded/PAT_154_236_800.png,0.898257
degraded/PAT_154_237_2.png,0.6964117
degraded/PAT_154_237_625.png,0.51423085
degraded/PAT_1550_1886_849.png,0.2517485
degraded/PAT_1550_1888_216.png,0.25201553
degraded/PAT_1551_1889_948.png,0.4843254
degraded/PAT_1552_1895_190.png,0.13944873
degraded/PAT_1554_2392_767.png,0.34999692
degraded/PAT_1554_2393_541.png,0.6469101
degraded/PAT_1554_2393_96.png,0.28263396
degraded/PAT_1554_4170_992.png,0.12313271
degraded/PAT_1557_2399_681.png,0.9303185
degraded/PAT_155_238_413.png,0.42970496
degraded/PAT_155_240_211.png,0.90899414
degraded/PAT_1563_2425_443.png,0.8085314
degraded/PAT_1563_2426_436.png,0.13133004
degraded/PAT_1565_2432_808.png,0.09492003
degraded/PAT_1566_2435_150.png,0.4333251
degraded/PAT_1568_2454_468.png,0.076205045
degraded/PAT_1569_2456_393.png,0.84891266
degraded/PAT_156_241_538.png,0.6183056
degraded/PAT_1570_2472_418.png,0.4709154
degraded/PAT_1571_2484_488.png,0.8121327
degraded/PAT_1572_2494_224.png,0.5637772
degraded/PAT_1572_2495_335.png,0.6217433
degraded/PAT_1572_2496_418.png,0.22341833
degraded/PAT_1573_2497_736.png,0.5806092
degraded/PAT_1573_2499_849.png,0.6069024
degraded/PAT_1575_2516_23.png,0.5934051
degraded/PAT_1575_2516_618.png,0.6695256
degraded/PAT_1577_2543_510.png,0.71794176
degraded/PAT_1577_3527_831.png,0.24208726
degraded/PAT_1581_2570_738.png,0.31905428
degraded/PAT_1582_2574_34.png,0.664755
degraded/PAT_1582_2574_890.png,0.36775807
degraded/PAT_1582_2574_905.png,0.39424855
degraded/PAT_1582_2574_989.png,0.5534927
degraded/PAT_1583_2607_628.png,0.5987122
degraded/PAT_1584_2610_223.png,0.21575566
degraded/PAT_1586_2623_989.png,0.39223915
degraded/PAT_1586_2624_615.png,0.33583814
degraded/PAT_1587_2625_226.png,0.12586834
degraded/PAT_1588_2629_296.png,0.49835137
degraded/PAT_158_243_947.png,0.72861296
degraded/PAT_158_621_68.png,0.584875
degraded/PAT_1591_2648_855.png,0.6129108
degraded/PAT_1594_2656_679.png,0.31048006
degraded/PAT_1596_2664_323.png,0.6355854
degraded/PAT_1597_2666_130.png,0.5739751
degraded/PAT_159_244_102.png,0.816846
degraded/PAT_159_245_181.png,0.513669
degraded/PAT_15_1001_749.png,0.07439704
degraded/PAT_15_23_240.png,0.76081336
degraded/PAT_15_3138_959.png,0.5593131
degraded/PAT_1600_2685_164.png,0.07240913
degraded/PAT_1600_2685_445.png,0.86978143
degraded/PAT_1603_2704_969.png,0.4769724
degraded/PAT_1605_2715_845.png,0.63947946
degraded/PAT_1608_2720_196.png,0.58752155
degraded/PAT_160_248_254.png,0.46025816
degraded/PAT_160_249_76.png,0.6184353
degraded/PAT_1613_2744_603.png,0.41382396
degraded/PAT_1614_2747_533.png,0.8278906
degraded/PAT_1615_2749_350.png,0.31420514
degraded/PAT_1618_2771_628.png,0.3239142
degraded/PAT_1619_2774_616.png,0.67886674
degraded/PAT_161_250_197.png,0.90773463
degraded/PAT_161_250_338.png,0.96252775
degraded/PAT_1620_2779_319.png,0.16109009
degraded/PAT_1624_2807_679.png,0.3846714
degraded/PAT_1626_2811_850.png,0.6976672
degraded/PAT_162_252_773.png,0.6190244
degraded/PAT_1631_2837_667.png,0.682758
degraded/PAT_1633_2855_460.png,0.4529496
degraded/PAT_1633_2855_594.png,0.58283186
degraded/PAT_1636_2869_595.png,0.54287106
degraded/PAT_1636_2869_739.png,0.66590273
degraded/PAT_1638_2878_536.png,0.67678833
degraded/PAT_1639_2879_744.png,0.34137204
degraded/PAT_163_254_719.png,0.42378774
degraded/PAT_1648_2904_523.png,0.7816316
degraded/PAT_164_255_119.png,0.39962012
degraded/PAT_164_255_130.png,0.7094105
degraded/PAT_1653_2916_994.png,0.6309719
degraded/PAT_1655_2923_425.png,0.61523163
degraded/PAT_1657_2932_680.png,0.40036285
degraded/PAT_1658_2933_322.png,0.7649491
degraded/PAT_165_256_460.png,0.9235875
degraded/PAT_1661_2956_357.png,0.6661862
degraded/PAT_1665_2978_578.png,0.90396756
degraded/PAT_1666_2985_968.png,0.5474273
degraded/PAT_166_3672_759.png,0.608435
degraded/PAT_1670_3007_105.png,0.6552192
degraded/PAT_1671_3008_622.png,0.3136358
degraded/PAT_167_258_479.png,0.63214755
degraded/PAT_167_258_711.png,0.7371392
degraded/PAT_1680_3038_587.png,0.7650464
degraded/PAT_1682_3050_600.png,0.7166667
degraded/PAT_1682_3052_873.png,0.6070391
degraded/PAT_1689_3075_38.png,0.60938036
degraded/PAT_1689_3077_411.png,0.57586056
degraded/PAT_168_1486_97.png,0.41069978
degraded/PAT_168_260_654.png,0.9419181
degraded/PAT_168_261_38.png,0.7471719
degraded/PAT_168_262_292.png,0.48704532
degraded/PAT_168_262_74.png,0.5260506
degraded/PAT_1690_3082_117.png,0.48741505
degraded/PAT_1693_3103_879.png,0.5588306
degraded/PAT_1694_3110_213.png,0.683568
degraded/PAT_1696_3115_917.png,0.32759956
degraded/PAT_1699_3126_673.png,0.50942814
degraded/PAT_169_694_411.png,0.64728034
degraded/PAT_16_24_691.png,0.7616759
degraded/PAT_1701_3135_5.png,0.87466764
degraded/PAT_1702_3548_386.png,0.86704016
degraded/PAT_1704_3142_702.png,0.91630083
degraded/PAT_1707_3146_743.png,0.8561853
degraded/PAT_1707_3148_237.png,0.86930597
degraded/PAT_1707_3148_835.png,0.63049424
degraded/PAT_1708_3153_799.png,0.7965665
degraded/PAT_1708_3155_581.png,0.6240283
degraded/PAT_1708_3157_518.png,0.7660652
degraded/PAT_1709_3159_144.png,0.6977384
degraded/PAT_170_264_785.png,0.14749976
degraded/PAT_1710_3160_488.png,0.76977575
degraded/PAT_1712_3173_684.png,0.90813607
degraded/PAT_1713_3179_888.png,0.7767286
degraded/PAT_1714_3189_989.png,0.73914313
degraded/PAT_1715_3184_989.png,0.696206
degraded/PAT_1715_3186_948.png,0.21249896
degraded/PAT_1718_3202_152.png,0.87816674
degraded/PAT_1719_3203_18.png,0.7568927
degraded/PAT_171_265_757.png,0.22568077
degraded/PAT_1720_3208_130.png,0.5543777
degraded/PAT_1721_3219_737.png,0.8394947
degraded/PAT_1722_3214_672.png,0.7713885
degraded/PAT_1723_3218_111.png,0.82947516
degraded/PAT_1725_3222_943.png,0.6674162
degraded/PAT_1727_3233_399.png,0.6406505
degraded/PAT_1728_3234_299.png,0.44235364
degraded/PAT_1728_3234_404.png,0.33758825
degraded/PAT_1729_3235_712.png,0.32661095
degraded/PAT_172_267_557.png,0.4120295
degraded/PAT_1730_3236_201.png,0.58813715
degraded/PAT_1731_3237_197.png,0.5599801
degraded/PAT_1733_3239_389.png,0.65384793
degraded/PAT_1734_3240_299.png,0.16589862
degraded/PAT_1735_3241_207.png,0.5492437
degraded/PAT_1735_3242_27.png,0.33398053
degraded/PAT_1738_3260_304.png,0.15922403
degraded/PAT_1739_3261_325.png,0.62469244
degraded/PAT_173_268_1000.png,0.7444196
degraded/PAT_1740_3272_228.png,0.7677381
degraded/PAT_1741_3273_34.png,0.6743634
degraded/PAT_1749_3288_409.png,0.8641222
degraded/PAT_1753_3305_385.png,0.8461732
degraded/PAT_1754_3308_390.png,0.495137
degraded/PAT_1754_3308_783.png,0.8843471
degraded/PAT_1755_3309_828.png,0.6981596
degraded/PAT_1755_3310_986.png,0.6883326
degraded/PAT_1757_3316_304.png,0.33903798
degraded/PAT_1760_3326_525.png,0.3755846
degraded/PAT_1761_3329_837.png,0.7288509
degraded/PAT_1762_3332_245.png,0.76976293
degraded/PAT_1764_3335_803.png,0.417531
degraded/PAT_1765_3337_365.png,0.48264408
degraded/PAT_1769_3342_63.png,0.6533065
degraded/PAT_176_273_423.png,0.26393145
degraded/PAT_1770_3344_274.png,0.6020966
degraded/PAT_1777_3370_697.png,0.37853578
degraded/PAT_177_274_371.png,0.62311065
degraded/PAT_177_274_865.png,0.13288169
degraded/PAT_177_275_905.png,0.1404135
degraded/PAT_177_775_786.png,0.71787095
degraded/PAT_1780_3380_542.png,0.6315363
degraded/PAT_1780_3381_999.png,0.5874673
degraded/PAT_1783_3414_120.png,0.86807007
degraded/PAT_1783_3415_640.png,0.31423628
degraded/PAT_1786_3420_346.png,0.20910767
degraded/PAT_1787_3421_516.png,0.26617977
degraded/PAT_178_276_465.png,0.39448762
degraded/PAT_1790_3425_942.png,0.65353596
degraded/PAT_1790_3427_355.png,0.37653616
degraded/PAT_1790_3427_723.png,0.94026387
degraded/PAT_1798_3455_379.png,0.7915512
degraded/PAT_179_277_436.png,0.61545444
degraded/PAT_179_278_331.png,0.80139005
degraded/PAT_1800_3460_206.png,0.84278256
degraded/PAT_1801_3459_857.png,0.22704063
degraded/PAT_1801_3461_351.png,0.37133616
degraded/PAT_1803_3463_639.png,0.84125656
degraded/PAT_1804_3469_628.png,0.7544322
degraded/PAT_1805_3477_772.png,0.7786427
degraded/PAT_1807_3481_801.png,0.11534957
degraded/PAT_180_279_377.png,0.58972824
degraded/PAT_180_756_831.png,0.19190301
degraded/PAT_1811_3487_560.png,0.62771225
degraded/PAT_1813_3562_195.png,0.8153537
degraded/PAT_1818_3568_132.png,0.85075784
degraded/PAT_1818_3570_577.png,0.78485066
degraded/PAT_181_280_417.png,0.76660806
degraded/PAT_181_281_54.png,0.50977576
degraded/PAT_181_833_109.png,0.60586107
degraded/PAT_1821_3575_920.png,0.12214292
degraded/PAT_1822_3576_145.png,0.85920715
degraded/PAT_1833_3599_827.png,0.7994628
degraded/PAT_1837_3608_851.png,0.30625078
degraded/PAT_1838_3609_254.png,0.6092699
degraded/PAT_183_283_602.png,0.90008575
degraded/PAT_1840_3612_959.png,0.4104096
degraded/PAT_1844_3618_373.png,0.38255605
degraded/PAT_1846_3622_35.png,0.9084022
degraded/PAT_184_284_721.png,0.3466137
degraded/PAT_1850_3631_519.png,0.44688106
degraded/PAT_1854_3637_323.png,0.8794873
degraded/PAT_1855_3641_327.png,0.7215311
degraded/PAT_185_285_862.png,0.7210196
degraded/PAT_185_285_97.png,0.14686297
degraded/PAT_1861_3648_959.png,0.7773576
degraded/PAT_1866_3659_398.png,0.75777316
degraded/PAT_1866_3660_115.png,0.42241096
degraded/PAT_1869_3663_335.png,0.3304008
degraded/PAT_186_286_109.png,0.63285553
degraded/PAT_1871_3666_675.png,0.90535563
degraded/PAT_1874_3687_799.png,0.86641335
degraded/PAT_1875_3689_646.png,0.78105426
degraded/PAT_1881_3711_217.png,0.46648756
degraded/PAT_1882_3718_982.png,0.42917907
degraded/PAT_188_289_859.png,0.78428465
degraded/PAT_188_289_908.png,0.1100081
degraded/PAT_1892_3760_713.png,0.2750258
degraded/PAT_1893_3761_666.png,0.6764077
degraded/PAT_1899_3779_475.png,0.54554117
degraded/PAT_1902_3790_168.png,0.072941326
degraded/PAT_1903_3791_14.png,0.7668644
degraded/PAT_1904_3794_215.png,0.672064
degraded/PAT_1906_3798_588.png,0.652131
degraded/PAT_1907_3801_88.png,0.8124334
degraded/PAT_190_291_366.png,0.8961307
degraded/PAT_1913_3815_367.png,0.5335428
degraded/PAT_1913_3816_335.png,0.7519641
degraded/PAT_1913_3818_991.png,0.41953054
degraded/PAT_1914_3821_427.png,0.18782723
degraded/PAT_1914_3822_863.png,0.633729
degraded/PAT_1914_3823_180.png,0.6349776
degraded/PAT_1918_3836_82.png,0.60777533
degraded/PAT_1918_3837_15.png,0.69560397
degraded/PAT_191_293_391.png,0.89868534
degraded/PAT_191_293_699.png,0.36854392
degraded/PAT_191_294_419.png,0.55699956
degraded/PAT_191_294_629.png,0.6633816
degraded/PAT_1922_3848_451.png,0.8553508
degraded/PAT_1926_3871_371.png,0.63092995
degraded/PAT_1928_3876_437.png,0.7385086
degraded/PAT_192_295_164.png,0.16735865
degraded/PAT_192_296_824.png,0.80160683
degraded/PAT_192_884_310.png,0.7297211
degraded/PAT_1931_3879_727.png,0.48937315
degraded/PAT_1933_3883_413.png,0.674278
degraded/PAT_1934_3890_306.png,0.6713824
degraded/PAT_1937_3897_131.png,0.6665404
degraded/PAT_193_297_295.png,0.49357212
degraded/PAT_1940_3902_876.png,0.6451829
degraded/PAT_1942_3915_388.png,0.6696549
degraded/PAT_1942_3917_379.png,0.14462559
degraded/PAT_1944_3921_281.png,0.7659479
degraded/PAT_1945_3923_428.png,0.9391379
degraded/PAT_1946_3924_929.png,0.72857857
degraded/PAT_1947_3926_165.png,0.8403958
degraded/PAT_194_298_367.png,0.16311365
degraded/PAT_194_298_945.png,0.6122101
degraded/PAT_1950_3932_655.png,0.9149151
degraded/PAT_1951_3934_98.png,0.6453105
degraded/PAT_1955_3946_319.png,0.4743771
degraded/PAT_1955_3947_778.png,0.52777267
degraded/PAT_1956_3949_217.png,0.8675189
degraded/PAT_1960_3957_864.png,0.4649774
degraded/PAT_1967_3976_736.png,0.5048189
degraded/PAT_1975_3999_453.png,0.532351
degraded/PAT_1976_4000_701.png,0.5539682
degraded/PAT_1978_4004_304.png,0.17164266
degraded/PAT_1978_4004_82.png,0.74276704
degraded/PAT_197_301_198.png,0.41580474
degraded/PAT_1980_4018_929.png,0.38986418
degraded/PAT_1981_4023_673.png,0.69535303
degraded/PAT_1983_4032_502.png,0.20773731
degraded/PAT_1984_4038_265.png,0.68491554
degraded/PAT_1989_4061_934.png,0.6526557
degraded/PAT_198_302_44.png,0.5619005
degraded/PAT_198_853_778.png,0.6196048
degraded/PAT_1998_4095_438.png,0.9052994
degraded/PAT_2003_4107_766.png,0.49615327
degraded/PAT_2006_4123_719.png,0.6945264
degraded/PAT_2009_4134_828.png,0.27172992
degraded/PAT_200_304_139.png,0.27585265
degraded/PAT_2010_4136_318.png,0.8313445
degraded/PAT_2011_4140_787.png,0.7584595
degraded/PAT_2011_4140_988.png,0.85982597
degraded/PAT_2011_4141_862.png,0.4007041
degraded/PAT_2013_4148_303.png,0.25400144
degraded/PAT_2016_4155_600.png,0.2946321
degraded/PAT_2016_4156_941.png,0.7361532
degraded/PAT_2016_4160_868.png,0.24737963
degraded/PAT_2018_4167_11.png,0.1546962
degraded/PAT_201_306_781.png,0.20052679
degraded/PAT_2020_4174_799.png,0.6128427
degraded/PAT_2020_4176_865.png,0.7267772
degraded/PAT_2021_4180_381.png,0.6359453
degraded/PAT_2022_4184_111.png,0.5610384
degraded/PAT_2024_4224_141.png,0.77302694
degraded/PAT_2024_4225_170.png,0.66636777
degraded/PAT_2025_4229_541.png,0.56218934
degraded/PAT_2026_4230_141.png,0.5810684
degraded/PAT_202_307_927.png,0.7822025
degraded/PAT_202_308_692.png,0.26332417
degraded/PAT_202_308_721.png,0.9261373
degraded/PAT_202_916_612.png,0.5125078
degraded/PAT_2034_4266_880.png,0.65691715
degraded/PAT_2034_4268_141.png,0.5764507
degraded/PAT_2034_4269_670.png,0.46704274
degraded/PAT_2036_4280_90.png,0.78576654
degraded/PAT_2036_4281_271.png,0.19585368
degraded/PAT_2039_4290_273.png,0.85995907
degraded/PAT_2041_4298_408.png,0.45062488
degraded/PAT_2042_4301_636.png,0.7177073
degraded/PAT_2043_4308_681.png,0.92487043
degraded/PAT_2046_4323_762.png,0.6217785
degraded/PAT_2048_4333_63.png,0.6203302
degraded/PAT_2049_4348_485.png,0.5794482
degraded/PAT_204_310_975.png,0.55098534
degraded/PAT_2050_4350_36.png,0.8092261
degraded/PAT_2051_4356_460.png,0.8697561
degraded/PAT_2053_4360_281.png,0.83972275
degraded/PAT_205_311_255.png,0.7880225
degraded/PAT_2061_4395_587.png,0.13248649
degraded/PAT_2062_4397_39.png,0.13694312
degraded/PAT_2065_4412_407.png,0.6468099
degraded/PAT_2065_4413_298.png,0.7145306
degraded/PAT_2066_4417_201.png,0.6969159
degraded/PAT_2068_4424_995.png,0.7537961
degraded/PAT_206_312_595.png,0.62878555
degraded/PAT_206_312_760.png,0.17656144
degraded/PAT_2070_4430_290.png,0.13510723
degraded/PAT_2071_4433_848.png,0.69219434
degraded/PAT_2076_4459_450.png,0.7158799
degraded/PAT_2077_4463_77.png,0.8336591
degraded/PAT_207_313_1.png,0.67409503
degraded/PAT_207_313_709.png,0.6433923
degraded/PAT_207_3951_140.png,0.80044746
degraded/PAT_2081_4488_57.png,0.69974506
degraded/PAT_2082_4491_519.png,0.6614137
degraded/PAT_2085_4506_726.png,0.07106113
degraded/PAT_2088_4523_400.png,0.4272001
degraded/PAT_2088_4524_465.png,0.78266895
degraded/PAT_2088_4525_507.png,0.68219244
degraded/PAT_2089_4529_762.png,0.5920953
degraded/PAT_208_314_741.png,0.2016819
degraded/PAT_2093_4542_192.png,0.88393867
degraded/PAT_2097_4557_241.png,0.5994144
degraded/PAT_2099_4562_100.png,0.10778535
degraded/PAT_20_29_850.png,0.8644405
degraded/PAT_20_30_44.png,0.72970986
degraded/PAT_2102_4575_616.png,0.64123845
degraded/PAT_2105_4587_204.png,0.83611983
degraded/PAT_2106_4590_227.png,0.9019334
degraded/PAT_2107_4595_381.png,0.45500007
degraded/PAT_2108_4596_837.png,0.3443607
degraded/PAT_2109_4598_112.png,0.3342782
degraded/PAT_2113_4607_329.png,0.7337929
degraded/PAT_2114_4609_615.png,0.7957249
degraded/PAT_2119_4625_733.png,0.3217447
degraded/PAT_211_317_649.png,0.7544798
degraded/PAT_211_318_942.png,0.5953921
degraded/PAT_211_319_777.png,0.7904043
degraded/PAT_211_319_810.png,0.16843183
degraded/PAT_2122_4642_204.png,0.4094197
degraded/PAT_2122_4642_680.png,0.36330584
degraded/PAT_2123_4647_95.png,0.4999512
degraded/PAT_2124_4650_575.png,0.7976996
degraded/PAT_2125_4653_497.png,0.8167845
degraded/PAT_2126_4654_644.png,0.6609362
degraded/PAT_2127_4662_596.png,0.15613978
degraded/PAT_2128_4676_965.png,0.85273963
degraded/PAT_2129_4680_110.png,0.22523195
degraded/PAT_212_326_597.png,0.32003307
degraded/PAT_212_327_532.png,0.76761866
degraded/PAT_2131_4683_112.png,0.7733468
degraded/PAT_213_328_117.png,0.7960029
degraded/PAT_2140_4726_141.png,0.8897797
degraded/PAT_2140_4726_85.png,0.32938418
degraded/PAT_2143_4736_227.png,0.27188143
degraded/PAT_2144_4738_120.png,0.77419966
degraded/PAT_214_329_70.png,0.23925719
degraded/PAT_2152_4781_332.png,0.44449157
degraded/PAT_2153_4782_321.png,0.59638166
degraded/PAT_2154_4783_625.png,0.5967283
degraded/PAT_2155_4784_483.png,0.6268288
degraded/PAT_2159_4792_718.png,0.62499684
degraded/PAT_215_330_341.png,0.9718425
degraded/PAT_2160_4814_243.png,0.29144394
degraded/PAT_2161_4818_501.png,0.7155044
degraded/PAT_2161_4819_719.png,0.7762307
degraded/PAT_2162_4820_913.png,0.58828294
degraded/PAT_217_1290_283.png,0.8186604
degraded/PAT_217_1291_419.png,0.07175124
degraded/PAT_217_332_906.png,0.92628133
degraded/PAT_217_333_61.png,0.55570513
degraded/PAT_217_963_806.png,0.23356776
degraded/PAT_219_336_376.png,0.85684574
degraded/PAT_219_337_358.png,0.22069238
degraded/PAT_21_31_965.png,0.39200604
degraded/PAT_21_982_266.png,0.6054667
degraded/PAT_220_1343_489.png,0.5007025
degraded/PAT_220_338_339.png,0.8911945
degraded/PAT_221_339_566.png,0.48251304
degraded/PAT_221_339_951.png,0.64389545
degraded/PAT_223_1067_569.png,0.1518434
degraded/PAT_223_1068_246.png,0.66002584
degraded/PAT_224_1340_142.png,0.6970614
degraded/PAT_224_1340_551.png,0.12069128
degraded/PAT_224_343_782.png,0.17765605
degraded/PAT_225_345_903.png,0.44056723
degraded/PAT_227_347_19.png,0.5031625
degraded/PAT_228_348_535.png,0.8415417
degraded/PAT_229_349_141.png,0.62070096
degraded/PAT_229_349_256.png,0.17882699
degraded/PAT_230_1007_645.png,0.68557495
degraded/PAT_230_1008_673.png,0.80225545
degraded/PAT_230_1009_92.png,0.53958774
degraded/PAT_230_351_720.png,0.53412026
degraded/PAT_233_354_828.png,0.7747221
degraded/PAT_233_354_935.png,0.93448734
degraded/PAT_233_986_663.png,0.18034486
degraded/PAT_235_360_50.png,0.7843847
degraded/PAT_236_1071_810.png,0.33543384
degraded/PAT_236_361_180.png,0.8905423
degraded/PAT_237_362_52.png,0.9289217
degraded/PAT_237_362_909.png,0.4580443
degraded/PAT_237_363_344.png,0.34999335
degraded/PAT_237_363_858.png,0.79023224
degraded/PAT_238_364_387.png,0.8390949
degraded/PAT_241_367_374.png,0.16352455
degraded/PAT_241_367_89.png,0.6062268
degraded/PAT_242_368_261.png,0.749473
degraded/PAT_243_372_119.png,0.7576344
degraded/PAT_243_372_640.png,0.8872855
degraded/PAT_244_374_726.png,0.8482624
degraded/PAT_245_376_197.png,0.9594522
degraded/PAT_245_376_24.png,0.5055674
degraded/PAT_246_377_159.png,0.6374085
degraded/PAT_247_1293_449.png,0.63665086
degraded/PAT_248_379_695.png,0.754723
degraded/PAT_249_380_366.png,0.641147
degraded/PAT_251_382_164.png,0.86517084
degraded/PAT_251_382_240.png,0.9200562
degraded/PAT_252_383_31.png,0.38096195
degraded/PAT_252_383_389.png,0.523615
degraded/PAT_253_384_607.png,0.69297755
degraded/PAT_255_388_231.png,0.6184578
degraded/PAT_255_388_77.png,0.5762136
degraded/PAT_256_295_583.png,0.7715298
degraded/PAT_256_394_449.png,0.38838148
degraded/PAT_257_396_494.png,0.7929091
degraded/PAT_258_397_198.png,0.8260104
degraded/PAT_260_1289_396.png,0.34653997
degraded/PAT_260_400_566.png,0.7044313
degraded/PAT_260_400_842.png,0.55873525
degraded/PAT_261_401_911.png,0.21844478
degraded/PAT_262_402_14.png,0.8631549
degraded/PAT_262_402_265.png,0.865398
degraded/PAT_263_1480_753.png,0.26552
degraded/PAT_263_403_382.png,0.49486658
degraded/PAT_263_403_966.png,0.054891534
degraded/PAT_264_1368_868.png,0.5013427
degraded/PAT_264_405_118.png,0.8018891
degraded/PAT_265_1371_303.png,0.16121219
degraded/PAT_265_406_276.png,0.3327085
degraded/PAT_265_407_137.png,0.38129613
degraded/PAT_265_407_421.png,0.64342886
degraded/PAT_267_1061_152.png,0.47066337
degraded/PAT_267_1061_324.png,0.049529042
degraded/PAT_267_1062_418.png,0.9012921
degraded/PAT_267_1258_693.png,0.813342
degraded/PAT_267_411_513.png,0.48065823
degraded/PAT_269_415_103.png,0.8648568
degraded/PAT_26_37_865.png,0.70966434
degraded/PAT_270_1384_995.png,0.950195
degraded/PAT_270_1386_755.png,0.8143501
degraded/PAT_270_1387_430.png,0.49235216
degraded/PAT_270_416_398.png,0.1837153
degraded/PAT_270_417_257.png,0.7489482
degraded/PAT_270_417_728.png,0.8501131
degraded/PAT_271_418_92.png,0.50518256
degraded/PAT_272_419_906.png,0.3515197
degraded/PAT_272_420_10.png,0.5880003
degraded/PAT_272_420_25.png,0.7221184
degraded/PAT_274_423_374.png,0.82826203
degraded/PAT_275_424_966.png,0.6755209
degraded/PAT_276_425_539.png,0.67196417
degraded/PAT_277_1309_814.png,0.10376552
degraded/PAT_277_426_825.png,0.23832847
degraded/PAT_279_1393_118.png,0.76478386
degraded/PAT_279_429_142.png,0.76339334
degraded/PAT_279_430_356.png,0.44702238
degraded/PAT_27_38_240.png,0.75799453
degraded/PAT_280_431_466.png,0.40913484
degraded/PAT_281_1516_753.png,0.6668664
degraded/PAT_281_1517_293.png,0.8942438
degraded/PAT_281_1518_571.png,0.8058263
degraded/PAT_281_432_813.png,0.6661736
degraded/PAT_282_433_934.png,0.28045794
degraded/PAT_286_1459_666.png,0.8353098
degraded/PAT_287_440_729.png,0.8458286
degraded/PAT_288_441_312.png,0.12620118
degraded/PAT_289_1399_481.png,0.106347576
degraded/PAT_289_442_43.png,0.09338047
degraded/PAT_290_445_988.png,0.54020715
degraded/PAT_291_446_704.png,0.81409454
degraded/PAT_294_638_564.png,0.40025204
degraded/PAT_295_639_240.png,0.60355854
degraded/PAT_296_640_206.png,0.42472577
degraded/PAT_299_1455_759.png,0.8205736
degraded/PAT_29_40_561.png,0.24190402
degraded/PAT_300_647_501.png,0.3738893
degraded/PAT_300_648_84.png,0.05304146
degraded/PAT_302_1633_845.png,0.9414961
degraded/PAT_302_650_477.png,0.40362296
degraded/PAT_302_651_529.png,0.35853294
degraded/PAT_303_652_342.png,0.27772823
degraded/PAT_304_4186_458.png,0.7198055
degraded/PAT_304_653_446.png,0.9145946
degraded/PAT_306_1646_903.png,0.5192257
degraded/PAT_306_1646_971.png,0.5848864
degraded/PAT_307_1458_363.png,0.6938294
degraded/PAT_307_1685_651.png,0.88342637
degraded/PAT_307_659_85.png,0.37305003
degraded/PAT_308_661_184.png,0.82824093
degraded/PAT_309_662_737.png,0.9444135
degraded/PAT_309_662_76.png,0.89116144
degraded/PAT_309_663_812.png,0.6033536
degraded/PAT_30_41_815.png,0.7550678
degraded/PAT_311_666_191.png,0.6905672
degraded/PAT_311_667_416.png,0.9297337
degraded/PAT_312_668_480.png,0.59461546
degraded/PAT_313_669_908.png,0.13357075
degraded/PAT_313_669_935.png,0.563864
degraded/PAT_315_673_227.png,0.53673935
degraded/PAT_316_1457_353.png,0.94890594
degraded/PAT_316_674_924.png,0.50820553
degraded/PAT_318_677_278.png,0.7722622
degraded/PAT_319_678_357.png,0.6952326
degraded/PAT_319_679_533.png,0.5161215
degraded/PAT_319_680_166.png,0.29768392
degraded/PAT_31_42_680.png,0.45494166
degraded/PAT_31_43_129.png,0.9606029
degraded/PAT_320_681_410.png,0.91851234
degraded/PAT_323_686_356.png,0.19238257
degraded/PAT_323_687_169.png,0.5115377
degraded/PAT_324_1464_266.png,0.2965065
degraded/PAT_324_1465_43.png,0.5056393
degraded/PAT_325_1506_440.png,0.58079773
degraded/PAT_325_1506_999.png,0.8926505
degraded/PAT_326_690_797.png,0.6046816
degraded/PAT_326_690_823.png,0.6953448
degraded/PAT_328_1738_890.png,0.3327553
degraded/PAT_328_692_681.png,0.7177163
degraded/PAT_32_44_211.png,0.7901251
degraded/PAT_330_1437_458.png,0.57561517
degraded/PAT_330_1437_506.png,0.9026168
degraded/PAT_330_1440_532.png,0.7891691
degraded/PAT_330_695_296.png,0.81829715
degraded/PAT_330_695_90.png,0.7506411
degraded/PAT_330_696_894.png,0.4536716
degraded/PAT_330_697_575.png,0.68551284
degraded/PAT_333_1468_620.png,0.6597374
degraded/PAT_333_1469_499.png,0.46866265
degraded/PAT_333_702_840.png,0.31441426
degraded/PAT_336_705_711.png,0.85736114
degraded/PAT_337_706_254.png,0.5302933
degraded/PAT_337_706_598.png,0.46373695
degraded/PAT_337_706_944.png,0.58243686
degraded/PAT_338_707_774.png,0.50239646
degraded/PAT_338_709_306.png,0.3263601
degraded/PAT_338_710_319.png,0.5353948
degraded/PAT_338_710_93.png,0.5084915
degraded/PAT_340_714_314.png,0.677704
degraded/PAT_340_714_68.png,0.7314391
degraded/PAT_342_716_316.png,0.12348705
degraded/PAT_342_716_845.png,0.75994134
degraded/PAT_343_717_927.png,0.37137112
degraded/PAT_344_718_206.png,0.6314951
degraded/PAT_345_719_815.png,0.73597956
degraded/PAT_346_720_265.png,0.6761658
degraded/PAT_349_724_750.png,0.11146149
degraded/PAT_34_47_108.png,0.41793123
degraded/PAT_351_728_683.png,0.4898926
degraded/PAT_352_729_947.png,0.7587688
degraded/PAT_354_1814_153.png,0.45257485
degraded/PAT_354_1814_619.png,0.85454774
degraded/PAT_354_1814_726.png,0.9329983
degraded/PAT_354_1817_500.png,0.90820813
degraded/PAT_354_731_155.png,0.4166318
degraded/PAT_355_732_102.png,0.07181541
degraded/PAT_355_732_625.png,0.13892277
degraded/PAT_356_4511_960.png,0.76317483
degraded/PAT_356_736_188.png,0.425054
degraded/PAT_357_737_77.png,0.45021746
degraded/PAT_358_738_837.png,0.8763821
degraded/PAT_359_1596_68.png,0.8806819
degraded/PAT_359_4450_86.png,0.112013906
degraded/PAT_359_741_966.png,0.86398333
degraded/PAT_359_741_973.png,0.1785872
degraded/PAT_35_48_43.png,0.47249207
degraded/PAT_360_742_768.png,0.3068548
degraded/PAT_360_742_782.png,0.8995179
degraded/PAT_361_1567_487.png,0.65219337
degraded/PAT_361_1568_456.png,0.77156746
degraded/PAT_361_743_82.png,0.8775077
degraded/PAT_362_744_283.png,0.56140316
degraded/PAT_363_745_516.png,0.9321516
degraded/PAT_363_746_18.png,0.26814955
degraded/PAT_364_748_278.png,0.88579756
degraded/PAT_365_750_854.png,0.43316343
degraded/PAT_365_751_709.png,0.5793712
degraded/PAT_366_752_782.png,0.67328966
degraded/PAT_367_753_130.png,0.7802677
degraded/PAT_368_1652_525.png,0.60407126
degraded/PAT_368_1652_733.png,0.9044387
degraded/PAT_368_2427_803.png,0.62843764
degraded/PAT_369_755_391.png,0.7130165
degraded/PAT_369_756_130.png,0.70169985
degraded/PAT_36_49_935.png,0.14843717
degraded/PAT_36_50_14.png,0.61961234
degraded/PAT_370_2558_175.png,0.74016297
degraded/PAT_370_758_322.png,0.48691136
degraded/PAT_372_760_267.png,0.6661469
degraded/PAT_372_760_355.png,0.15688133
degraded/PAT_373_2598_514.png,0.26525983
degraded/PAT_373_761_708.png,0.27631253
degraded/PAT_374_762_794.png,0.7852806
degraded/PAT_375_764_705.png,0.76893246
degraded/PAT_377_1580_429.png,0.7291617
degraded/PAT_377_1580_534.png,0.08862637
degraded/PAT_377_768_643.png,0.80685276
degraded/PAT_378_769_36.png,0.66973305
degraded/PAT_379_1531_17.png,0.36539406
degraded/PAT_379_4405_969.png,0.8767592
degraded/PAT_380_1540_432.png,0.76866865
degraded/PAT_380_773_362.png,0.54962337
degraded/PAT_380_773_542.png,0.6349023
degraded/PAT_381_775_253.png,0.42907405
degraded/PAT_381_775_566.png,0.11098797
degraded/PAT_382_776_986.png,0.5555285
degraded/PAT_383_777_129.png,0.6484834
degraded/PAT_383_779_429.png,0.2864836
degraded/PAT_384_782_292.png,0.3916111
degraded/PAT_385_783_574.png,0.7610602
degraded/PAT_386_1554_280.png,0.7033458
degraded/PAT_386_1554_362.png,0.6566084
degraded/PAT_386_1554_455.png,0.09509334
degraded/PAT_386_784_470.png,0.5868388
degraded/PAT_387_786_782.png,0.9105622
degraded/PAT_388_1589_976.png,0.7543056
degraded/PAT_388_1590_169.png,0.7901892
degraded/PAT_388_1590_328.png,0.52829957
degraded/PAT_388_1590_518.png,0.5069891
degraded/PAT_388_1592_576.png,0.06244376
degraded/PAT_388_1592_850.png,0.7295124
degraded/PAT_388_4500_103.png,0.10221961
degraded/PAT_388_787_818.png,0.5690438
degraded/PAT_389_2600_833.png,0.4081089
degraded/PAT_38_1002_34.png,0.41734502
degraded/PAT_38_1002_668.png,0.57983005
degraded/PAT_38_1003_226.png,0.65336156
degraded/PAT_38_1003_68.png,0.72125006
degraded/PAT_38_54_234.png,0.16354147
degraded/PAT_390_790_505.png,0.6132481
degraded/PAT_392_792_22.png,0.30684182
degraded/PAT_393_793_852.png,0.40579018
degraded/PAT_394_1562_579.png,0.19756432
degraded/PAT_394_794_235.png,0.15725873
degraded/PAT_395_795_43.png,0.6324536
degraded/PAT_397_797_638.png,0.62177646
degraded/PAT_397_797_742.png,0.42737243
degraded/PAT_397_798_482.png,0.58936423
degraded/PAT_398_799_163.png,0.91502166
degraded/PAT_39_55_233.png,0.81689334
degraded/PAT_402_803_739.png,0.5259757
degraded/PAT_403_804_994.png,0.64577234
degraded/PAT_404_805_575.png,0.78094125
degraded/PAT_406_1542_754.png,0.38025513
degraded/PAT_406_808_560.png,0.71002847
degraded/PAT_406_809_581.png,0.95434254
degraded/PAT_407_810_390.png,0.5917243
degraded/PAT_408_811_808.png,0.28948846
degraded/PAT_409_2614_24.png,0.84871745
degraded/PAT_409_2614_805.png,0.79238343
degraded/PAT_40_1026_312.png,0.4864661
degraded/PAT_40_56_160.png,0.70758086
degraded/PAT_40_56_499.png,0.17123559
degraded/PAT_412_817_232.png,0.38633543
degraded/PAT_412_818_61.png,0.59346545
degraded/PAT_413_819_268.png,0.17073084
degraded/PAT_413_819_550.png,0.6103387
degraded/PAT_414_822_420.png,0.68824625
degraded/PAT_416_824_540.png,0.95448774
degraded/PAT_416_826_123.png,0.9373362
degraded/PAT_417_3537_45.png,0.87783086
degraded/PAT_417_828_723.png,0.8001332
degraded/PAT_419_2768_910.png,0.5227423
degraded/PAT_419_832_706.png,0.6720118
degraded/PAT_419_833_148.png,0.79672986
degraded/PAT_41_57_2.png,0.5696927
degraded/PAT_420_834_450.png,0.13860138
degraded/PAT_420_834_948.png,0.4185409
degraded/PAT_422_837_617.png,0.91636765
degraded/PAT_422_837_683.png,0.6748245
degraded/PAT_423_839_596.png,0.31872007
degraded/PAT_423_839_717.png,0.7849232
degraded/PAT_425_841_644.png,0.108153865
degraded/PAT_426_842_458.png,0.69952476
degraded/PAT_428_845_189.png,0.06638099
degraded/PAT_42_58_13.png,0.24928106
degraded/PAT_430_847_315.png,0.7873043
degraded/PAT_430_848_476.png,0.52332413
degraded/PAT_430_848_550.png,0.56439567
degraded/PAT_431_850_472.png,0.2281746
degraded/PAT_432_851_386.png,0.4951807
degraded/PAT_432_851_560.png,0.12176409
degraded/PAT_433_2650_417.png,0.5214947
degraded/PAT_435_854_68.png,0.32316712
degraded/PAT_437_857_425.png,0.24091817
degraded/PAT_439_2887_834.png,0.6951452
degraded/PAT_439_859_283.png,0.5089044
degraded/PAT_439_859_84.png,0.91098547
degraded/PAT_43_1017_483.png,0.46805862
degraded/PAT_43_61_210.png,0.23372002
degraded/PAT_441_2868_663.png,0.53845465
degraded/PAT_441_861_415.png,0.42185596
degraded/PAT_441_861_542.png,0.79985803
degraded/PAT_442_863_795.png,0.7243192
degraded/PAT_443_864_894.png,0.39875692
degraded/PAT_445_871_524.png,0.7555518
degraded/PAT_447_873_329.png,0.14794739
degraded/PAT_448_875_81.png,0.8092001
degraded/PAT_451_878_634.png,0.5551956
degraded/PAT_451_878_890.png,0.48735967
degraded/PAT_452_882_896.png,0.7904324
degraded/PAT_453_883_719.png,0.115024544
degraded/PAT_454_884_28.png,0.6034313
degraded/PAT_455_885_115.png,0.33882976
degraded/PAT_456_887_499.png,0.8424879
degraded/PAT_457_890_255.png,0.4580063
degraded/PAT_458_891_709.png,0.57228214
degraded/PAT_459_892_804.png,0.91993386
degraded/PAT_45_65_551.png,0.16778661
degraded/PAT_45_66_822.png,0.40565035
degraded/PAT_460_893_883.png,0.20700698
degraded/PAT_460_894_401.png,0.7745544
degraded/PAT_460_894_429.png,0.67916095
degraded/PAT_461_895_72.png,0.7086856
degraded/PAT_462_896_893.png,0.38204548
degraded/PAT_463_897_440.png,0.124634035
degraded/PAT_464_1794_78.png,0.5529655
degraded/PAT_464_899_646.png,0.7857182
degraded/PAT_464_900_548.png,0.9056986
degraded/PAT_465_901_106.png,0.6824026
degraded/PAT_465_901_627.png,0.8176006
degraded/PAT_466_903_893.png,0.86997414
degraded/PAT_467_904_235.png,0.5304311
degraded/PAT_467_904_535.png,0.8507211
degraded/PAT_467_904_776.png,0.5812887
degraded/PAT_46_880_140.png,0.17770295
degraded/PAT_46_880_308.png,0.13255577
degraded/PAT_46_881_14.png,0.09952996
degraded/PAT_46_881_939.png,0.7600777
degraded/PAT_471_909_344.png,0.15209244
degraded/PAT_471_909_353.png,0.7969679
degraded/PAT_471_909_394.png,0.73168343
degraded/PAT_472_910_453.png,0.43735242
degraded/PAT_473_911_610.png,0.6512441
degraded/PAT_473_911_630.png,0.6132231
degraded/PAT_474_912_879.png,0.63833934
degraded/PAT_477_915_389.png,0.07353129
degraded/PAT_478_1829_141.png,0.14764948
degraded/PAT_478_1829_281.png,0.4198344
degraded/PAT_478_916_806.png,0.74492526
degraded/PAT_478_916_979.png,0.8931949
degraded/PAT_479_917_41.png,0.06466926
degraded/PAT_479_917_598.png,0.6614797
degraded/PAT_479_919_97.png,0.7960271
degraded/PAT_480_921_1.png,0.6451639
degraded/PAT_481_923_186.png,0.546726
degraded/PAT_482_2928_201.png,0.73502624
degraded/PAT_483_925_716.png,0.5550589
degraded/PAT_484_926_624.png,0.6925512
degraded/PAT_485_928_796.png,0.52680767
degraded/PAT_486_929_274.png,0.86074597
degraded/PAT_486_929_317.png,0.8122394
degraded/PAT_488_931_321.png,0.5096909
degraded/PAT_489_932_138.png,0.38138902
degraded/PAT_48_74_309.png,0.67816186
degraded/PAT_48_74_402.png,0.15520754
degraded/PAT_490_933_17.png,0.34774357
degraded/PAT_490_933_352.png,0.78857535
degraded/PAT_491_934_46.png,0.74714804
degraded/PAT_492_1782_752.png,0.07524016
degraded/PAT_492_1784_50.png,0.5526129
degraded/PAT_492_4723_890.png,0.13630638
degraded/PAT_492_937_126.png,0.89215636
degraded/PAT_492_937_43.png,0.3720041
degraded/PAT_492_937_958.png,0.7616011
degraded/PAT_493_1862_360.png,0.6235993
degraded/PAT_493_3016_512.png,0.8306161
degraded/PAT_494_939_518.png,0.6293019
degraded/PAT_495_941_26.png,0.63570976
degraded/PAT_498_944_488.png,0.48013812
degraded/PAT_499_945_878.png,0.6008374
degraded/PAT_500_947_77.png,0.8700288
degraded/PAT_503_949_409.png,0.5102547
degraded/PAT_503_950_368.png,0.65215814
degraded/PAT_503_950_552.png,0.066096894
degraded/PAT_504_953_569.png,0.14133444
degraded/PAT_505_3200_856.png,0.9532542
degraded/PAT_505_951_710.png,0.102527685
degraded/PAT_507_954_812.png,0.4299658
degraded/PAT_50_76_296.png,0.3157764
degraded/PAT_50_76_728.png,0.46198705
degraded/PAT_510_959_174.png,0.7151484
degraded/PAT_510_959_985.png,0.79205275
degraded/PAT_512_962_998.png,0.52005196
degraded/PAT_513_964_343.png,0.79846287
degraded/PAT_513_965_496.png,0.6945205
degraded/PAT_514_967_908.png,0.4158108
degraded/PAT_514_968_269.png,0.44773582
degraded/PAT_514_969_187.png,0.72916913
degraded/PAT_514_969_995.png,0.38461795
degraded/PAT_516_966_57.png,0.6422457
degraded/PAT_517_971_88.png,0.14616123
degraded/PAT_517_972_845.png,0.9389386
degraded/PAT_51_78_959.png,0.9014259
degraded/PAT_520_983_221.png,0.3763122
degraded/PAT_521_984_412.png,0.09536396
degraded/PAT_522_3168_747.png,0.738034
degraded/PAT_522_3174_761.png,0.55728036
degraded/PAT_522_985_991.png,0.80639267
degraded/PAT_522_986_305.png,0.25944513
degraded/PAT_522_986_800.png,0.825418
degraded/PAT_523_988_851.png,0.86646974
degraded/PAT_523_988_900.png,0.767737
degraded/PAT_524_987_738.png,0.40365297
degraded/PAT_526_3205_611.png,0.20674947
degraded/PAT_527_1359_165.png,0.19657215
degraded/PAT_527_1360_225.png,0.52911806
degraded/PAT_528_3072_615.png,0.39521992
degraded/PAT_529_994_419.png,0.7229192
degraded/PAT_530_999_696.png,0.5299344
degraded/PAT_531_3079_652.png,0.35723767
degraded/PAT_532_1007_854.png,0.59254515
degraded/PAT_534_1009_924.png,0.61365604
degraded/PAT_535_1010_303.png,0.62502027
degraded/PAT_535_1011_567.png,0.28990284
degraded/PAT_535_1012_145.png,0.4871901
degraded/PAT_537_1014_452.png,0.9613356
degraded/PAT_537_1014_961.png,0.43079662
degraded/PAT_539_1023_928.png,0.64223635
degraded/PAT_53_1144_892.png,0.5078674
degraded/PAT_53_1370_245.png,0.44422525
degraded/PAT_53_1370_288.png,0.16379167
degraded/PAT_53_81_194.png,0.26045954
degraded/PAT_53_81_522.png,0.78018063
degraded/PAT_53_82_657.png,0.77679986
degraded/PAT_53_82_940.png,0.49780026
degraded/PAT_541_3303_228.png,0.92299205
degraded/PAT_544_1028_226.png,0.24021317
degraded/PAT_544_3299_671.png,0.76483035
degraded/PAT_545_1029_650.png,0.9147032
degraded/PAT_545_1030_854.png,0.13788067
degraded/PAT_545_1031_428.png,0.15397103
degraded/PAT_547_1033_445.png,0.8605441
degraded/PAT_547_1033_911.png,0.45707825
degraded/PAT_549_1043_36.png,0.09681056
degraded/PAT_54_83_405.png,0.20036422
degraded/PAT_550_1045_81.png,0.8922945
degraded/PAT_551_1047_567.png,0.5925935
degraded/PAT_554_1051_301.png,0.42184696
degraded/PAT_557_1058_309.png,0.72268486
degraded/PAT_558_1072_486.png,0.7629635
degraded/PAT_559_1093_774.png,0.8287515
degraded/PAT_55_84_506.png,0.89084864
degraded/PAT_55_85_884.png,0.7396519
degraded/PAT_561_1068_557.png,0.62295073
degraded/PAT_561_1068_909.png,0.61614573
degraded/PAT_562_1110_360.png,0.310716
degraded/PAT_563_1070_63.png,0.69801646
degraded/PAT_564_1079_31.png,0.91982055
degraded/PAT_564_1079_430.png,0.35399958
degraded/PAT_565_1073_749.png,0.7179804
degraded/PAT_566_178_625.png,0.19347726
degraded/PAT_566_179_23.png,0.18574648
degraded/PAT_567_1076_545.png,0.8266967
degraded/PAT_567_1077_64.png,0.477149
degraded/PAT_567_1078_978.png,0.8297389
degraded/PAT_568_1066_235.png,0.48632526
degraded/PAT_56_86_479.png,0.44379535
degraded/PAT_56_86_802.png,0.67420006
degraded/PAT_56_88_274.png,0.51137763
degraded/PAT_570_1084_637.png,0.7638399
degraded/PAT_570_1084_939.png,0.8658492
degraded/PAT_570_1085_344.png,0.18239628
degraded/PAT_570_1085_429.png,0.6875211
degraded/PAT_571_1096_10.png,0.8795409
degraded/PAT_571_1097_652.png,0.7487929
degraded/PAT_572_1086_130.png,0.565956
degraded/PAT_573_1090_660.png,0.5385777
degraded/PAT_574_1081_628.png,0.19240233
degraded/PAT_575_1087_29.png,0.68052113
degraded/PAT_575_1088_134.png,0.64190984
degraded/PAT_576_1089_435.png,0.443155
degraded/PAT_577_1107_61.png,0.7074479
degraded/PAT_579_1099_551.png,0.8232706
degraded/PAT_579_1099_837.png,0.5615113
degraded/PAT_57_90_910.png,0.61006457
degraded/PAT_580_1104_684.png,0.120891474
degraded/PAT_581_1114_116.png,0.517521
degraded/PAT_582_1363_358.png,0.6543201
degraded/PAT_583_1112_886.png,0.20258237
degraded/PAT_585_1130_474.png,0.17038593
degraded/PAT_585_1130_552.png,0.91383886
degraded/PAT_587_1117_880.png,0.58065474
degraded/PAT_587_3431_6.png,0.25485048
degraded/PAT_58_91_143.png,0.6501235
degraded/PAT_58_91_845.png,0.9674446
degraded/PAT_590_1121_504.png,0.82380205
degraded/PAT_593_1127_823.png,0.5562962
degraded/PAT_595_1142_142.png,0.6941917
degraded/PAT_596_1146_316.png,0.666232
degraded/PAT_597_1139_181.png,0.56241196
degraded/PAT_598_1137_888.png,0.80420125
degraded/PAT_599_1140_399.png,0.7850926
degraded/PAT_59_46_537.png,0.56651664
degraded/PAT_59_93_342.png,0.9255187
degraded/PAT_59_93_573.png,0.9041951
degraded/PAT_59_94_849.png,0.735903
degraded/PAT_600_1141_542.png,0.43778935
degraded/PAT_601_1147_943.png,0.08232416
degraded/PAT_604_1150_336.png,0.9162735
degraded/PAT_605_1152_536.png,0.58533776
degraded/PAT_609_1159_932.png,0.7106211
degraded/PAT_609_1159_942.png,0.5947814
degraded/PAT_610_1156_461.png,0.57559896
degraded/PAT_611_1158_156.png,0.9425423
degraded/PAT_613_1164_827.png,0.72891045
degraded/PAT_614_1166_885.png,0.72876275
degraded/PAT_615_1168_968.png,0.80070376
degraded/PAT_618_1174_596.png,0.6246718
degraded/PAT_619_1175_767.png,0.88584507
degraded/PAT_61_299_74.png,0.8845102
degraded/PAT_620_1176_980.png,0.18860097
degraded/PAT_621_1182_456.png,0.60027075
degraded/PAT_621_1183_56.png,0.5291909
degraded/PAT_621_3591_171.png,0.6996765
degraded/PAT_621_3592_955.png,0.90179735
degraded/PAT_622_1185_922.png,0.7256428
degraded/PAT_624_1179_323.png,0.27230692
degraded/PAT_624_1180_803.png,0.75047493
degraded/PAT_625_1184_412.png,0.61505574
degraded/PAT_626_1186_898.png,0.6167087
degraded/PAT_627_1188_503.png,0.9131956
degraded/PAT_627_1188_755.png,0.73734975
degraded/PAT_628_1191_564.png,0.14634767
degraded/PAT_629_1192_362.png,0.40167338
degraded/PAT_62_97_868.png,0.5676758
degraded/PAT_630_1196_710.png,0.6154808
degraded/PAT_631_1207_982.png,0.5383704
degraded/PAT_631_1227_585.png,0.7375238
degraded/PAT_632_1206_634.png,0.45054394
degraded/PAT_632_1206_637.png,0.53022885
degraded/PAT_633_1199_218.png,0.5324202
degraded/PAT_633_1199_745.png,0.35726926
degraded/PAT_636_1204_521.png,0.8845502
degraded/PAT_636_1204_666.png,0.13469397
degraded/PAT_637_1217_274.png,0.2803068
degraded/PAT_637_1434_570.png,0.22145447
degraded/PAT_638_3680_891.png,0.43844458
degraded/PAT_639_1208_986.png,0.50940955
degraded/PAT_639_3674_452.png,0.65418965
degraded/PAT_639_3676_760.png,0.5695732
degraded/PAT_63_1075_498.png,0.3482156
degraded/PAT_63_98_127.png,0.7341186
degraded/PAT_63_98_187.png,0.7572676
degraded/PAT_63_99_189.png,0.81756014
degraded/PAT_63_99_736.png,0.60435545
degraded/PAT_641_3704_317.png,0.6422614
degraded/PAT_645_1222_140.png,0.7753848
degraded/PAT_645_1222_860.png,0.5603233
degraded/PAT_645_1223_443.png,0.37795603
degraded/PAT_645_1224_768.png,0.7515301
degraded/PAT_645_1300_463.png,0.7587267
degraded/PAT_645_1500_364.png,0.18979622
degraded/PAT_645_4042_489.png,0.46303895
degraded/PAT_645_4043_374.png,0.13757041
degraded/PAT_646_1225_590.png,0.8328951
degraded/PAT_649_1233_229.png,0.6706946
degraded/PAT_650_1230_636.png,0.8651162
degraded/PAT_650_1241_329.png,0.67154866
degraded/PAT_650_3858_329.png,0.7787221
degraded/PAT_651_1232_950.png,0.29289368
degraded/PAT_652_1231_516.png,0.9081392
degraded/PAT_653_1234_311.png,0.34113923
degraded/PAT_654_1244_16.png,0.5923464
degraded/PAT_655_1245_807.png,0.4476561
degraded/PAT_655_926_447.png,0.67267466
degraded/PAT_656_1246_483.png,0.6227047
degraded/PAT_656_1246_489.png,0.8747864
degraded/PAT_657_1247_455.png,0.8516921
degraded/PAT_658_1266_149.png,0.1093274
degraded/PAT_660_1249_373.png,0.77148515
degraded/PAT_662_1251_380.png,0.36014864
degraded/PAT_663_1254_732.png,0.8502833
degraded/PAT_664_1263_781.png,0.92184347
degraded/PAT_665_1260_16.png,0.5880971
degraded/PAT_665_1261_17.png,0.95182097
degraded/PAT_665_1262_774.png,0.82221246
degraded/PAT_666_1268_870.png,0.21125461
degraded/PAT_666_1269_65.png,0.70266765
degraded/PAT_666_1271_645.png,0.7427502
degraded/PAT_668_1259_681.png,0.4742389
degraded/PAT_669_1265_76.png,0.2645982
degraded/PAT_672_1272_705.png,0.36655343
degraded/PAT_673_1276_752.png,0.9180181
degraded/PAT_673_3928_888.png,0.20580024
degraded/PAT_674_1277_9.png,0.6889121
degraded/PAT_677_1348_51.png,0.450266
degraded/PAT_677_1349_541.png,0.5872503
degraded/PAT_677_1349_851.png,0.5686439
degraded/PAT_677_1350_358.png,0.18072681
degraded/PAT_677_1350_67.png,0.660659
degraded/PAT_678_1287_652.png,0.3734968
degraded/PAT_678_1298_396.png,0.16053061
degraded/PAT_679_1286_677.png,0.6108252
degraded/PAT_67_104_695.png,0.7845922
degraded/PAT_67_104_730.png,0.5458845
degraded/PAT_680_1289_182.png,0.49364284
degraded/PAT_680_1289_585.png,0.85162747
degraded/PAT_681_1299_458.png,0.8541513
degraded/PAT_682_1292_642.png,0.71477604
degraded/PAT_682_1292_978.png,0.6865028
degraded/PAT_683_1296_237.png,0.40992236
degraded/PAT_683_1297_195.png,0.7128829
degraded/PAT_683_1297_839.png,0.37070444
degraded/PAT_684_1302_934.png,0.7987518
degraded/PAT_684_1303_178.png,0.5715822
degraded/PAT_684_1303_368.png,0.18610084
degraded/PAT_686_1355_168.png,0.960429
degraded/PAT_688_1305_242.png,0.65616626
degraded/PAT_68_105_871.png,0.8762251
degraded/PAT_690_1309_154.png,0.61381096
degraded/PAT_690_1309_217.png,0.883253
degraded/PAT_691_1311_2.png,0.956508
degraded/PAT_691_1311_686.png,0.57967985
degraded/PAT_691_1311_890.png,0.66312444
degraded/PAT_691_1312_389.png,0.8735838
degraded/PAT_691_3994_671.png,0.9166622
degraded/PAT_691_3994_791.png,0.2042865
degraded/PAT_692_1308_364.png,0.6444424
degraded/PAT_693_1313_304.png,0.49307445
degraded/PAT_695_1314_822.png,0.7558686
degraded/PAT_697_1317_892.png,0.17899506
degraded/PAT_698_1150_510.png,0.63971245
degraded/PAT_698_1150_881.png,0.5849884
degraded/PAT_698_1319_166.png,0.7165028
degraded/PAT_699_1320_901.png,0.8373977
degraded/PAT_69_1053_540.png,0.8462981
degraded/PAT_701_1321_156.png,0.55760086
degraded/PAT_701_4056_457.png,0.58640414
degraded/PAT_703_1329_112.png,0.8098551
degraded/PAT_704_1323_974.png,0.56102955
degraded/PAT_704_1324_359.png,0.5703115
degraded/PAT_705_1326_82.png,0.82316464
degraded/PAT_708_1333_222.png,0.2106216
degraded/PAT_709_1331_253.png,0.07927765
degraded/PAT_70_107_155.png,0.73933625
degraded/PAT_70_107_591.png,0.7862444
degraded/PAT_710_1330_243.png,0.5890312
degraded/PAT_711_1334_480.png,0.76496553
degraded/PAT_713_1336_159.png,0.49129203
degraded/PAT_714_1337_914.png,0.7991783
degraded/PAT_715_1338_761.png,0.3183365
degraded/PAT_715_1339_508.png,0.096107945
degraded/PAT_715_4072_827.png,0.82016313
degraded/PAT_715_4073_115.png,0.79826665
degraded/PAT_718_1358_919.png,0.7055048
degraded/PAT_719_1361_160.png,0.17306095
degraded/PAT_719_1361_234.png,0.8341615
degraded/PAT_71_108_617.png,0.5875603
degraded/PAT_71_145_971.png,0.550292
degraded/PAT_721_1365_142.png,0.11439299
degraded/PAT_721_1365_819.png,0.6383026
degraded/PAT_722_1376_280.png,0.2594191
degraded/PAT_722_1377_120.png,0.77277476
degraded/PAT_724_1369_896.png,0.6960109
degraded/PAT_726_1371_543.png,0.45732394
degraded/PAT_727_1373_718.png,0.167916
degraded/PAT_728_1381_63.png,0.5756563
degraded/PAT_728_1533_952.png,0.11758268
degraded/PAT_729_1382_390.png,0.6603372
degraded/PAT_72_110_647.png,0.66753495
degraded/PAT_72_110_944.png,0.690585
degraded/PAT_730_1383_535.png,0.10510811
degraded/PAT_730_1385_585.png,0.82009137
degraded/PAT_731_1387_634.png,0.28368962
degraded/PAT_734_1390_631.png,0.46200287
degraded/PAT_735_1391_261.png,0.71736956
degraded/PAT_736_1392_562.png,0.1877173
degraded/PAT_737_1394_308.png,0.960047
degraded/PAT_737_1394_936.png,0.73001206
degraded/PAT_738_1397_195.png,0.59859943
degraded/PAT_738_1397_966.png,0.8445396
degraded/PAT_738_1552_843.png,0.62183845
degraded/PAT_73_111_435.png,0.11535332
degraded/PAT_73_111_609.png,0.18981403
degraded/PAT_741_1400_780.png,0.49974644
degraded/PAT_742_1402_818.png,0.16210221
degraded/PAT_742_1470_425.png,0.85826564
degraded/PAT_744_1404_951.png,0.8195733
degraded/PAT_744_1405_742.png,0.49873126
degraded/PAT_745_1406_409.png,0.20842579
degraded/PAT_746_1407_708.png,0.68463695
degraded/PAT_747_1408_427.png,0.69995594
degraded/PAT_747_1408_742.png,0.554162
degraded/PAT_747_1408_965.png,0.17386915
degraded/PAT_747_1409_116.png,0.21460833
degraded/PAT_747_1409_466.png,0.35548636
degraded/PAT_747_1410_179.png,0.46108833
degraded/PAT_747_1410_622.png,0.29850903
degraded/PAT_749_1414_770.png,0.7827126
degraded/PAT_749_1415_164.png,0.62676775
degraded/PAT_74_112_729.png,0.55474067
degraded/PAT_751_1497_215.png,0.8464359
degraded/PAT_753_1427_496.png,0.8784601
degraded/PAT_753_1427_658.png,0.66917336
degraded/PAT_753_1833_710.png,0.72336924
degraded/PAT_754_1429_380.png,0.9228892
degraded/PAT_755_1430_681.png,0.8905395
degraded/PAT_756_1495_858.png,0.6622236
degraded/PAT_757_1431_696.png,0.7412785
degraded/PAT_757_4220_942.png,0.23509
degraded/PAT_758_1441_891.png,0.8094499
degraded/PAT_759_1433_973.png,0.8836737
degraded/PAT_759_1538_566.png,0.15770748
degraded/PAT_75_113_647.png,0.6430335
degraded/PAT_75_114_73.png,0.4137815
degraded/PAT_760_1456_878.png,0.513837
degraded/PAT_762_1436_414.png,0.7661334
degraded/PAT_764_1448_499.png,0.63717234
degraded/PAT_766_1444_52.png,0.61696297
degraded/PAT_766_1670_458.png,0.17095256
degraded/PAT_768_1449_842.png,0.44110876
degraded/PAT_768_1450_402.png,0.7648447
degraded/PAT_76_1039_269.png,0.7658737
degraded/PAT_770_1451_136.png,0.24383445
degraded/PAT_771_1488_562.png,0.870035
degraded/PAT_771_1489_345.png,0.75969386
degraded/PAT_771_1489_70.png,0.80668247
degraded/PAT_771_1490_334.png,0.8907506
degraded/PAT_771_1491_390.png,0.9473295
degraded/PAT_773_1459_554.png,0.36897287
degraded/PAT_776_1466_241.png,0.90809786
degraded/PAT_778_1471_911.png,0.8180744
degraded/PAT_779_1472_741.png,0.49083674
degraded/PAT_781_1474_517.png,0.6293355
degraded/PAT_782_1492_890.png,0.87006474
degraded/PAT_782_1493_140.png,0.59960914
degraded/PAT_782_1494_418.png,0.75264376
degraded/PAT_785_1479_108.png,0.41867432
degraded/PAT_786_1480_914.png,0.7050853
degraded/PAT_787_1482_328.png,0.6515038
degraded/PAT_788_1503_168.png,0.5281136
degraded/PAT_789_1483_793.png,0.3781075
degraded/PAT_78_118_164.png,0.15238382
degraded/PAT_78_118_685.png,0.2138824
degraded/PAT_791_1487_906.png,0.10230624
degraded/PAT_792_1498_936.png,0.6898868
degraded/PAT_792_4351_858.png,0.123455435
degraded/PAT_793_1512_327.png,0.86654854
degraded/PAT_793_1512_382.png,0.39342797
degraded/PAT_793_1512_513.png,0.43528888
degraded/PAT_794_1507_723.png,0.5520998
degraded/PAT_796_1509_459.png,0.6403258
degraded/PAT_797_1511_805.png,0.5020399
degraded/PAT_798_1529_282.png,0.8366438
degraded/PAT_798_1770_256.png,0.7611391
degraded/PAT_798_1771_240.png,0.37933412
degraded/PAT_799_1515_723.png,0.3429596
degraded/PAT_79_120_532.png,0.35809913
degraded/PAT_800_1513_509.png,0.4004713
degraded/PAT_800_1514_512.png,0.9426306
degraded/PAT_801_1518_78.png,0.66528875
degraded/PAT_802_1516_510.png,0.67843026
degraded/PAT_803_1522_907.png,0.64048076
degraded/PAT_805_1517_154.png,0.102602616
degraded/PAT_805_1517_647.png,0.792617
degraded/PAT_806_1519_527.png,0.5194317
degraded/PAT_806_1520_60.png,0.3910772
degraded/PAT_806_1520_708.png,0.7662555
degraded/PAT_809_1527_202.png,0.8142302
degraded/PAT_810_1526_639.png,0.1880193
degraded/PAT_812_1625_430.png,0.101455495
degraded/PAT_814_1532_265.png,0.9005983
degraded/PAT_814_1532_545.png,0.70602
degraded/PAT_815_1533_460.png,0.6461846
degraded/PAT_815_1534_411.png,0.83369166
degraded/PAT_815_1535_536.png,0.7513455
degraded/PAT_815_1536_963.png,0.64103925
degraded/PAT_816_1544_933.png,0.7846736
degraded/PAT_817_1537_943.png,0.48689172
degraded/PAT_817_4471_179.png,0.8005043
degraded/PAT_818_1539_859.png,0.6229173
degraded/PAT_819_1541_727.png,0.94284075
degraded/PAT_81_123_52.png,0.8036355
degraded/PAT_821_1547_77.png,0.7659075
degraded/PAT_822_1550_132.png,0.53687036
degraded/PAT_822_1550_826.png,0.53503406
degraded/PAT_822_1551_573.png,0.10674653
degraded/PAT_822_1551_642.png,0.18588156
degraded/PAT_823_1556_787.png,0.860855
degraded/PAT_824_1560_801.png,0.8085667
degraded/PAT_824_1561_796.png,0.8472027
degraded/PAT_826_1615_908.png,0.5594399
degraded/PAT_827_1599_248.png,0.37874243
degraded/PAT_827_1600_1000.png,0.91414446
degraded/PAT_827_1601_859.png,0.7650314
degraded/PAT_829_1566_135.png,0.76895857
degraded/PAT_82_125_365.png,0.4131836
degraded/PAT_82_125_525.png,0.6963584
degraded/PAT_82_125_907.png,0.75488955
degraded/PAT_830_1564_54.png,0.10562183
degraded/PAT_830_1564_740.png,0.8790178
degraded/PAT_830_1565_911.png,0.6937394
degraded/PAT_831_1570_637.png,0.17099023
degraded/PAT_831_1570_991.png,0.8560803
degraded/PAT_832_1569_413.png,0.9287821
degraded/PAT_834_1572_430.png,0.29013994
degraded/PAT_834_1574_397.png,0.66068053
degraded/PAT_834_4490_317.png,0.762946
degraded/PAT_835_1577_938.png,0.2263157
degraded/PAT_835_1578_52.png,0.7628193
degraded/PAT_837_1582_714.png,0.613472
degraded/PAT_837_1583_124.png,0.7533854
degraded/PAT_837_1584_745.png,0.62418693
degraded/PAT_838_1585_282.png,0.14664085
degraded/PAT_838_1585_979.png,0.19944647
degraded/PAT_838_1586_622.png,0.3838149
degraded/PAT_838_1587_73.png,0.4058268
degraded/PAT_839_1591_204.png,0.557765
degraded/PAT_83_126_513.png,0.789212
degraded/PAT_83_126_820.png,0.24804647
degraded/PAT_840_1595_981.png,0.1064418
degraded/PAT_842_1606_720.png,0.6855561
degraded/PAT_842_1606_971.png,0.2098875
degraded/PAT_846_1607_895.png,0.3234954
degraded/PAT_846_4421_153.png,0.81375223
degraded/PAT_847_1610_165.png,0.8424032
degraded/PAT_849_1612_143.png,0.7956307
degraded/PAT_849_1613_824.png,0.35467875
degraded/PAT_84_128_233.png,0.52781755
degraded/PAT_850_1611_332.png,0.1252922
degraded/PAT_851_1623_506.png,0.43972585
degraded/PAT_851_1623_815.png,0.14974226
degraded/PAT_851_4519_488.png,0.12615688
degraded/PAT_851_4520_743.png,0.71469754
degraded/PAT_853_1642_497.png,0.73542565
degraded/PAT_854_1635_103.png,0.836487
degraded/PAT_856_1626_523.png,0.5731107
degraded/PAT_856_1626_630.png,0.32716385
degraded/PAT_857_1628_916.png,0.53473777
degraded/PAT_858_1632_977.png,0.79089105
degraded/PAT_858_1633_926.png,0.44681945
degraded/PAT_859_1638_598.png,0.23995624
degraded/PAT_85_129_225.png,0.6851868
degraded/PAT_85_129_896.png,0.5756613
degraded/PAT_860_1641_998.png,0.8015096
degraded/PAT_861_1639_823.png,0.56282806
degraded/PAT_864_1645_639.png,0.2527115
degraded/PAT_864_1646_822.png,0.8203489
degraded/PAT_866_1649_674.png,0.8628657
degraded/PAT_867_1650_825.png,0.556393
degraded/PAT_867_1650_901.png,0.734949
degraded/PAT_868_1657_698.png,0.22073777
degraded/PAT_86_1082_41.png,0.6379421
degraded/PAT_86_1109_164.png,0.6207118
degraded/PAT_86_1109_306.png,0.1379462
degraded/PAT_86_131_107.png,0.6863321
degraded/PAT_872_1707_638.png,0.722907
degraded/PAT_872_1709_526.png,0.69762605
degraded/PAT_874_1671_176.png,0.39109007
degraded/PAT_874_1671_938.png,0.59918916
degraded/PAT_874_1672_743.png,0.6991688
degraded/PAT_875_1668_588.png,0.5991279
degraded/PAT_875_1669_946.png,0.6480105
degraded/PAT_875_1670_121.png,0.2821337
degraded/PAT_876_1664_579.png,0.76238495
degraded/PAT_876_1665_386.png,0.8426868
degraded/PAT_876_1665_569.png,0.84443146
degraded/PAT_876_1666_961.png,0.8440083
degraded/PAT_877_1667_118.png,0.1937182
degraded/PAT_877_4672_612.png,0.64364016
degraded/PAT_878_1663_7.png,0.8368185
degraded/PAT_879_1676_668.png,0.2989565
degraded/PAT_87_133_391.png,0.66050506
degraded/PAT_880_1673_410.png,0.78180087
degraded/PAT_880_1675_704.png,0.58722794
degraded/PAT_881_1681_462.png,0.6508975
degraded/PAT_883_1682_256.png,0.5888964
degraded/PAT_884_1683_538.png,0.7968863
degraded/PAT_885_1687_204.png,0.6727617
degraded/PAT_886_1684_103.png,0.40746024
degraded/PAT_886_4635_304.png,0.10312392
degraded/PAT_887_1688_436.png,0.86059695
degraded/PAT_889_1689_986.png,0.80847406
degraded/PAT_88_133_64.png,0.7430242
degraded/PAT_890_1693_454.png,0.62621784
degraded/PAT_890_1693_904.png,0.7548759
degraded/PAT_890_1694_29.png,0.6855209
degraded/PAT_891_1700_180.png,0.78176713
degraded/PAT_891_1701_36.png,0.36945724
degraded/PAT_892_1691_881.png,0.82293695
degraded/PAT_893_1697_613.png,0.72251576
degraded/PAT_894_1679_640.png,0.6799666
degraded/PAT_894_1680_410.png,0.75739664
degraded/PAT_895_1699_872.png,0.9497061
degraded/PAT_896_1705_582.png,0.36563045
degraded/PAT_897_1704_988.png,0.6688319
degraded/PAT_897_1710_793.png,0.6519142
degraded/PAT_898_1706_496.png,0.9187536
degraded/PAT_899_1702_32.png,0.61886346
degraded/PAT_8_15_820.png,0.67243004
degraded/PAT_900_1711_622.png,0.6300898
degraded/PAT_901_1716_497.png,0.85885304
degraded/PAT_902_1718_852.png,0.43856493
degraded/PAT_903_1719_943.png,0.6546235
degraded/PAT_903_1720_647.png,0.7460009
degraded/PAT_904_1736_851.png,0.1770525
degraded/PAT_904_1737_511.png,0.9161363
degraded/PAT_904_1739_546.png,0.6719813
degraded/PAT_905_1721_327.png,0.24540257
degraded/PAT_906_1722_328.png,0.7970075
degraded/PAT_906_1723_560.png,0.7612234
degraded/PAT_908_1726_939.png,0.15781344
degraded/PAT_90_138_369.png,0.8419966
degraded/PAT_90_219_648.png,0.8821441
degraded/PAT_911_1728_101.png,0.5911977
degraded/PAT_912_1729_244.png,0.65249205
degraded/PAT_913_1730_815.png,0.6850109
degraded/PAT_914_1732_136.png,0.17927024
degraded/PAT_914_1740_932.png,0.40908536
degraded/PAT_917_1735_936.png,0.8301519
degraded/PAT_918_1742_456.png,0.30223617
degraded/PAT_918_1742_629.png,0.7174767
degraded/PAT_919_1744_318.png,0.700591
degraded/PAT_91_140_664.png,0.19888002
degraded/PAT_91_354_332.png,0.5333446
degraded/PAT_91_356_273.png,0.41588646
degraded/PAT_91_356_74.png,0.39485672
degraded/PAT_920_1747_19.png,0.8364077
degraded/PAT_921_1750_313.png,0.8243494
degraded/PAT_923_1753_496.png,0.33145434
degraded/PAT_923_1753_706.png,0.1671147
degraded/PAT_924_1757_704.png,0.87396157
degraded/PAT_924_1757_784.png,0.903854
degraded/PAT_926_1758_714.png,0.4806108
degraded/PAT_927_1759_749.png,0.63268733
degraded/PAT_927_1759_849.png,0.43652087
degraded/PAT_92_141_551.png,0.65101767
degraded/PAT_931_1761_380.png,0.72281516
degraded/PAT_931_1763_617.png,0.51191616
degraded/PAT_933_1766_191.png,0.85208976
degraded/PAT_934_1777_423.png,0.87598115
degraded/PAT_935_1781_920.png,0.46642992
degraded/PAT_935_1785_530.png,0.65046287
degraded/PAT_936_1772_886.png,0.8278793
degraded/PAT_938_1789_693.png,0.23847884
degraded/PAT_938_1790_977.png,0.49789146
degraded/PAT_939_1791_329.png,0.8431347
degraded/PAT_93_361_231.png,0.5638977
degraded/PAT_93_361_467.png,0.67490435
degraded/PAT_93_361_51.png,0.4977684
degraded/PAT_93_361_53.png,0.6351749
degraded/PAT_940_1774_962.png,0.818196
degraded/PAT_942_1792_411.png,0.59463763
degraded/PAT_943_1793_787.png,0.8447259
degraded/PAT_944_1795_371.png,0.808143
degraded/PAT_944_1795_666.png,0.58729273
degraded/PAT_945_1796_583.png,0.93425804
degraded/PAT_946_1809_687.png,0.51721096
degraded/PAT_947_1798_946.png,0.44979474
degraded/PAT_948_1801_721.png,0.8461931
degraded/PAT_948_1801_993.png,0.3663001
degraded/PAT_949_1802_582.png,0.6469963
degraded/PAT_950_1804_334.png,0.4978356
degraded/PAT_950_1804_64.png,0.8332405
degraded/PAT_951_1836_991.png,0.756361
degraded/PAT_952_1807_58.png,0.59361064
degraded/PAT_953_1806_845.png,0.10358363
degraded/PAT_954_1808_415.png,0.7449666
degraded/PAT_955_1810_892.png,0.646739
degraded/PAT_957_1814_77.png,0.6907613
degraded/PAT_958_1812_62.png,0.9597562
degraded/PAT_959_1813_1000.png,0.5840312
degraded/PAT_960_1816_662.png,0.27062818
degraded/PAT_961_1818_992.png,0.53004104
degraded/PAT_962_1823_857.png,0.8848885
degraded/PAT_962_1823_942.png,0.5758173
degraded/PAT_963_1817_593.png,0.8175249
degraded/PAT_963_1819_298.png,0.11204914
degraded/PAT_966_1826_587.png,0.93381333
degraded/PAT_967_1827_247.png,0.47914135
degraded/PAT_968_1835_721.png,0.52915263
degraded/PAT_96_150_743.png,0.40304068
degraded/PAT_970_1833_270.png,0.08605251
degraded/PAT_971_1847_99.png,0.7729505
degraded/PAT_972_1843_756.png,0.78815424
degraded/PAT_973_1839_34.png,0.6304344
degraded/PAT_974_1841_693.png,0.6832479
degraded/PAT_974_1842_574.png,0.46722418
degraded/PAT_975_1834_152.png,0.66422176
degraded/PAT_975_4734_783.png,0.90993077
degraded/PAT_976_1837_861.png,0.7103871
degraded/PAT_978_1844_599.png,0.36689913
degraded/PAT_978_1844_715.png,0.6444692
degraded/PAT_97_151_503.png,0.29152545
degraded/PAT_97_151_587.png,0.40287563
degraded/PAT_980_1849_295.png,0.52798384
degraded/PAT_980_1851_351.png,0.3598088
degraded/PAT_981_1848_486.png,0.5544313
degraded/PAT_981_1848_906.png,0.062086094
degraded/PAT_983_1854_274.png,0.46941546
degraded/PAT_985_1856_397.png,0.7894373
degraded/PAT_985_1856_91.png,0.6804896
degraded/PAT_988_1858_453.png,0.15241954
degraded/PAT_989_1861_156.png,0.6263046
degraded/PAT_98_152_562.png,0.71699136
degraded/PAT_990_1860_478.png,0.90694946
degraded/PAT_990_1860_636.png,0.56104374
degraded/PAT_993_1865_559.png,0.2649038
degraded/PAT_994_1866_913.png,0.21979076
degraded/PAT_995_1867_165.png,0.1913575
degraded/PAT_996_6_367.png,0.4931808
degraded/PAT_996_6_622.png,0.79949
degraded/PAT_996_6_886.png,0.8727511
degraded/PAT_998_17_641.png,0.5517301
degraded/PAT_999_20_401.png,0.5043956
degraded/PAT_999_20_540.png,0.3693392
degraded/PAT_999_20_583.png,0.2318306
degraded/PAT_99_153_636.png,0.69516766
degraded/PAT_9_17_80.png,0.5300824
degraded/qt4_editor_options.png,0.61488694
degraded/qt4_editor_options_large.png,0.7366492
degraded/subplots.png,0.7490668
degraded/subplots_large.png,0.8169709
degraded/zoom_to_rect.png,0.73360515
degraded/zoom_to_rect_large.png,0.64607155
